id,1,2,3,4,5,6,7,8,9,10
3780,0.0,0.0,-0.7,-1.0,-1.45,-1.8,-3.25,-3.8,-4.5,-5.05
4188,0.0,1.0,1.4,1.4,1.1,0.6,-0.8,-1.45,-2.1,-2.8
4330,0.0,0.9,0.7,0.2,0.2,-1.3,-0.3,-0.3,0.2,1.7
4576,0.0,-2.85,-3.25,-0.5,-0.9,-2.4,-1.95,1.0,1.6,2.4
5511,0.0,-2.15,-3.25,-3.85,-4.45,-4.12,-4.35,-5.5,-5.74,-6.17
7121,0.0,-1.74,-4.04,-4.34,-4.54,-4.74,-4.39,-4.74,-5.04,-5.24
7324,0.0,-0.13,0.32,0.66,0.31,0.68,0.27,0.2,-0.93,-0.68
7455,0.0,-0.4,-0.17,0.9,1.2,0.8,0.48,-0.52,-2.24,-2.82
7520,0.0,-3.1,-1.7,-3.5,-4.7,-1.2,1.5,-6.0,-11.5,-16.8
9009,0.0,0.71,0.14,0.28,0.33,0.41,-0.43,-0.22,-0.45,0.41
10367,0.0,0.9,0.6,0.8,-0.1,-0.9,-1.07,-2.1,-2.3,-3.18
13570,0.0,-2.6,-3.23,-3.65,-3.95,-4.6,-4.6,-3.8,-1.15,-2.1
14402,0.0,-2.05,-2.85,-3.15,-5.05,-3.25,-4.75,-5.15,-5.85,-6.15
16208,0.0,-1.5,-3.5,-4.5,-4.6,-5.1,-6.1,-5.1,-3.75,-4.2
16639,0.0,-0.6,-0.26,-0.7,-1.9,-1.2,-0.41,0.8,0.4,-0.34
21357,0.0,-1.95,-2.3,-3.1,-3.4,-3.6,-3.95,-3.47,-5.0,-5.0
24683,0.0,-0.4,-0.3,-0.7,-2.3,-2.5,-2.5,-2.5,-0.5,-1.75
27405,0.0,-2.15,-1.5,-2.0,-5.6,-6.0,-6.0,-8.4,-10.0,-8.9
27957,0.0,-0.5,-1.0,-1.5,-1.2,-2.4,-2.0,-1.8,-2.5,-2.0
28209,0.0,0.0,-0.5,-1.5,-2.2,-2.7,-3.05,-3.8,-3.6,-4.6
28489,0.0,2.07,2.0,2.6,2.0,3.86,7.6,7.0,7.3,7.6
30181,0.0,-2.59,-2.56,-1.96,-0.75,-1.42,-0.18,0.17,-1.76,-0.35
32050,0.0,-2.4,-3.6,-4.0,-4.7,-5.5,-6.8,-7.2,-8.2,-9.3
33304,0.0,-1.3,-0.9,-0.95,-0.1,-0.2,-0.8,-0.7,-0.2,-0.9
33705,0.0,-1.4,-1.5,-1.0,-1.8,-2.15,-3.1,-2.7,-2.3,-2.2
33722,0.0,-0.37,-0.87,-1.47,-1.32,-2.26,-2.25,-2.5,-2.35,-3.05
34425,0.0,-0.45,-0.05,0.0,-0.1,-1.5,0.55,1.1,1.2,1.9
35731,0.0,0.0,0.0,0.0,-1.9,-3.1,-4.15,-5.1,-5.5,-4.9
36123,0.0,-2.35,-2.8,-2.75,-4.05,-5.1,-4.55,-4.75,-4.3,-3.25
36294,0.0,-1.6,-2.1,-2.6,-3.0,-3.0,-3.5,-3.95,-4.95,-2.3
38591,0.0,0.2,-0.4,-1.6,-2.4,-2.4,-1.4,-0.9,-1.0,0.2
39292,0.0,-1.1,-1.9,-2.21,-3.2,-4.2,-4.8,-4.6,-4.9,-5.48
39936,0.0,-4.3,-5.47,-7.0,-7.65,-8.7,-8.9,-6.1,-7.0,-7.0
40462,0.0,0.9,0.5,1.1,-0.3,-1.6,1.0,0.1,1.1,1.5
41139,0.0,-1.3,-1.2,0.7,-0.8,-1.1,0.6,2.1,0.0,0.1
42928,0.0,-1.67,-5.9,-9.0,-13.6,-16.9,-17.3,-18.7,-20.45,-22.1
44831,0.0,-0.5,0.05,-0.63,-0.4,-0.63,-0.87,-0.7,0.0,-1.0
45422,0.0,-2.6,-4.05,-4.3,-5.25,-6.25,-6.2,-7.0,-7.8,-7.8
46555,0.0,-0.93,-0.78,-1.19,-1.11,-1.67,-1.58,-1.67,-1.79,-1.11
46648,0.0,1.0,-5.6,-6.3,-6.8,-6.6,-6.0,-6.0,-6.25,-5.25
46976,0.0,-1.9,-3.2,-3.65,-5.4,-4.8,-4.82,-5.35,-5.25,-4.25
47159,0.0,-1.3,0.9,-0.8,1.0,1.6,2.5,0.9,0.35,-0.5
47644,0.0,-0.4,-0.5,-0.6,-2.1,0.0,0.35,-1.5,3.7,3.7
48055,0.0,-2.65,-3.78,-4.08,-4.38,-4.28,-3.88,-4.58,-5.78,-6.73
51334,0.0,-0.3,0.16,-0.1,0.81,1.18,0.6,0.8,0.6,0.6
56347,0.0,-0.9,-0.9,-1.2,-0.55,-0.8,-1.7,-1.5,-0.8,-0.25
56573,0.0,0.4,-0.3,-0.2,-1.1,-1.15,-0.95,-0.5,-1.08,-1.5
60772,0.0,-0.9,-1.1,-1.0,-1.0,-1.05,-0.4,-0.35,-0.05,0.15
61298,0.0,0.1,-0.15,-0.15,1.0,1.0,1.8,2.4,1.9,2.0
61658,0.0,-2.59,-3.23,-4.34,-4.98,-5.61,-6.0,-6.47,-6.91,-6.85
62257,0.0,-1.2,-1.0,-1.15,-1.3,-1.3,-0.9,-2.3,-3.0,-3.8
63449,0.0,-5.26,-7.02,-6.95,-8.65,-10.5,-11.1,-11.1,-12.2,-12.2
64505,0.0,-0.7,0.36,0.84,1.65,2.13,2.88,3.39,2.9,4.49
65667,0.0,-0.5,-1.33,1.5,0.85,0.8,4.0,4.0,2.0,1.2
66072,0.0,-1.85,-0.9,-0.5,-0.8,-0.7,-4.7,-5.7,-6.3,-6.5
70734,0.0,-2.3,-2.95,-4.45,-5.0,-5.9,-6.5,-6.6,-7.25,-7.9
70777,0.0,-0.7,-0.3,0.15,0.6,0.45,0.5,0.9,1.5,3.07
71422,0.0,-4.6,-4.4,-2.0,-1.1,-1.0,0.2,0.75,3.0,1.5
72206,0.0,-2.6,-3.6,-4.9,-6.3,-6.7,-8.1,-8.7,-9.0,-10.1
74286,0.0,-2.9,-3.9,-4.3,-4.95,-5.5,-6.3,-6.6,-6.7,-7.4
78351,0.0,-2.3,-1.9,-1.62,-1.6,-0.05,-2.6,-2.5,-3.2,-3.0
81106,0.0,-0.6,-1.7,-1.0,-2.3,-1.4,0.15,0.9,1.6,1.6
84248,0.0,-1.3,-2.8,-1.3,-1.3,-0.35,-1.2,-0.8,-1.0,-0.4
86649,0.0,-2.05,-2.25,-0.2,-0.8,-1.1,-1.3,-2.0,-3.0,-2.0
89882,0.0,-0.2,-0.55,-0.4,-0.2,-0.5,-1.5,-2.25,-2.4,-2.5
92445,0.0,-0.65,-1.7,-1.7,-0.6,-1.5,-1.9,-2.3,-3.2,-3.1
95635,0.0,-0.65,-1.0,-1.35,-1.5,-1.6,-1.75,-1.5,-1.6,-1.7
96135,0.0,-0.3,-0.6,-0.75,-1.2,-1.8,-2.05,-2.5,-3.5,-3.98
99506,0.0,-2.0,-2.55,-3.1,-3.6,-4.0,-4.4,-3.4,-3.8,-2.3
100019,0.0,0.5,-1.15,-1.07,-1.6,-2.2,-2.2,-1.8,-2.25,-2.8
101868,0.0,0.1,-0.4,-2.0,-2.0,-2.9,-2.65,-3.2,-4.0,-4.15
102118,0.0,0.3,0.9,0.7,0.15,0.7,1.0,1.0,0.4,1.0
102163,0.0,0.74,0.19,-0.13,-0.28,3.15,0.95,1.96,1.47,2.95
102513,0.0,1.0,13.0,9.8,6.0,5.45,4.9,4.0,4.1,3.65
104795,0.0,-2.2,-3.65,-5.2,-6.25,-6.8,-7.35,-5.45,-6.85,-8.25
105437,0.0,0.2,-1.0,-1.6,-2.5,-2.8,-3.55,-4.1,-4.1,-5.3
106920,0.0,-2.5,-2.5,-10.07,-12.67,-14.57,-16.87,-19.3,-19.5,-21.05
109039,0.0,-1.85,-1.5,-1.7,-1.3,-0.9,-1.5,-2.5,-2.0,-0.4
110856,0.0,4.9,2.8,4.5,3.25,2.48,2.93,1.2,1.2,1.2
111675,0.0,-3.99,-3.99,-10.79,-10.09,-4.99,-10.99,-7.99,-5.99,-3.89
113283,0.0,-2.0,-3.5,-4.95,-4.9,-6.6,-6.3,-4.1,-4.6,-4.9
115048,0.0,-2.2,-2.95,-3.7,-3.8,-3.63,-4.8,-4.6,-4.73,-6.6
116621,0.0,-3.8,-5.7,-7.4,-8.25,-10.0,-10.8,-12.45,-13.6,-15.1
117863,0.0,0.5,0.7,0.7,0.3,1.5,1.1,1.0,1.0,1.3
118335,0.0,0.6,1.4,4.5,3.6,3.2,2.65,2.6,3.3,2.6
120986,0.0,-2.1,-2.1,-2.15,-3.5,-4.4,-4.6,-3.95,-0.8,-1.8
124012,0.0,-1.3,-1.65,-2.05,-1.8,-2.7,-3.05,-3.4,-3.6,-3.9
124290,0.0,-1.0,-1.2,0.9,2.65,2.7,2.57,2.3,4.75,3.75
126674,0.0,0.3,-0.57,-0.86,-1.44,-2.25,-1.99,-2.27,-2.51,-1.94
126771,0.0,1.2,2.9,5.45,5.25,5.55,4.7,4.5,4.2,5.4
130073,0.0,-0.7,-0.8,-1.1,-0.8,-1.5,-0.5,2.0,2.26,0.2
132696,0.0,-1.6,-2.0,-3.15,-5.4,-2.5,-4.1,-5.6,-5.6,-3.4
135405,0.0,4.0,3.0,1.65,1.7,1.8,1.9,1.7,1.8,1.55
135737,0.0,-2.1,-2.5,-2.9,-3.19,-2.73,-5.12,-5.12,-5.0,-5.52
138949,0.0,0.4,1.7,1.3,1.35,1.25,3.1,1.2,1.2,2.9
140432,0.0,-0.5,-2.6,-3.4,-3.4,-1.9,-3.9,-3.95,-4.7,-5.9
140438,0.0,0.47,0.47,1.2,1.26,1.5,1.6,1.6,2.17,1.79
142020,0.0,0.05,0.4,-0.2,-0.2,-0.1,-0.11,1.1,0.35,0.6
143895,0.0,0.2,-0.9,-2.8,0.67,3.22,-0.53,2.87,4.07,1.77
144016,0.0,-4.7,-4.6,-5.8,-4.8,-3.1,-4.55,-3.5,-3.5,-1.2
144156,0.0,-0.55,-1.3,-1.0,-0.15,-1.1,-1.1,-2.1,-1.8,-1.8
146331,0.0,-0.4,-0.4,-0.4,-0.4,-6.0,-3.75,-1.77,-2.54,-2.37
148777,0.0,-0.4,-0.25,-0.2,-0.6,-0.6,-0.3,-0.15,0.1,0.55
149262,0.0,5.0,13.9,13.44,13.5,13.55,13.28,12.83,13.35,13.2
149717,0.0,0.7,-0.1,-0.4,0.3,1.05,1.35,1.4,1.9,2.23
149952,0.0,-2.85,-3.7,-6.6,-7.4,-9.25,-11.2,-11.5,-12.95,-15.1
154135,0.0,0.25,-1.6,-1.2,-0.6,-0.75,-0.6,-1.2,-1.7,-2.2
154616,0.0,-2.2,-0.9,-1.05,-1.05,0.0,0.6,-0.4,-0.4,3.3
159220,0.0,-2.8,-3.4,-3.6,-3.6,-4.3,-4.25,-5.0,-5.25,-5.7
160086,0.0,-0.4,-0.1,5.0,6.6,7.9,14.2,14.9,14.2,14.4
161530,0.0,-1.0,1.78,2.35,2.51,3.49,3.02,2.29,2.1,1.42
162416,0.0,-2.0,-3.1,-3.9,-4.2,-2.5,-2.5,-2.5,-6.0,-5.4
167104,0.0,1.0,4.5,2.2,2.0,5.45,12.0,9.0,7.0,12.0
167677,0.0,-0.9,-0.7,-0.7,-0.8,-0.8,-0.4,-0.2,0.0,0.1
172169,0.0,-0.8,-1.1,-0.7,-0.7,-0.5,0.0,-0.2,0.5,0.5
176585,0.0,0.45,0.55,0.97,1.1,1.38,2.1,2.83,2.22,3.42
177053,0.0,-0.25,-0.8,-0.15,-0.5,-1.0,-1.1,0.77,0.53,0.2
181017,0.0,-0.3,-1.3,0.0,-1.2,-2.8,-3.7,-4.4,-5.35,-6.0
182642,0.0,-0.5,-1.1,-0.5,-0.5,-1.5,-4.5,-4.65,-5.0,-5.4
182739,0.0,-11.0,-9.9,-10.45,-11.0,-11.0,-11.0,-11.1,-10.97,-12.2
185916,0.0,0.0,0.0,-1.65,-3.3,-5.3,-5.1,-5.7,-6.3,-6.44
187679,0.0,-1.3,-1.25,-1.3,-1.65,-1.3,-1.24,-0.95,-0.3,-0.95
191151,0.0,-2.3,-2.8,-3.3,-3.7,-5.0,-5.8,-5.5,-6.5,-7.0
191970,0.0,-0.8,1.5,-0.7,-2.35,-3.8,-5.05,-5.63,-6.9,-7.8
192455,0.0,5.0,4.8,3.65,3.3,3.3,5.0,5.0,7.55,7.9
195171,0.0,-0.6,2.15,1.6,1.3,2.3,3.2,0.9,0.9,-0.3
197436,0.0,-1.8,-3.6,-4.2,-5.0,-4.95,-5.45,-6.6,-9.4,-12.8
197822,0.0,4.8,5.3,5.1,5.1,5.65,4.2,3.8,3.4,9.1
198705,0.0,-1.48,-1.05,-0.1,0.7,-0.35,-1.0,-1.55,-0.75,0.3
199529,0.0,-1.8,-1.45,-2.61,-1.8,-2.7,-1.6,-0.8,-2.6,-3.1
199779,0.0,-1.8,-2.03,0.3,-1.7,-0.6,-0.6,0.3,-1.3,0.2
202652,0.0,-0.7,-1.5,-1.7,-2.0,-2.8,-2.2,-2.9,-2.15,-2.9
203079,0.0,-1.5,-1.8,-2.75,-3.25,-3.55,-4.0,-3.95,-3.7,-3.25
209416,0.0,-0.6,-1.0,-1.5,-0.7,-1.05,-2.1,-2.3,-2.0,-2.5
209474,0.0,-0.5,-0.5,-3.1,-2.5,-2.19,-1.4,-0.4,-0.25,-1.15
210433,0.0,-0.4,-0.7,-0.8,-1.1,-0.9,0.1,-0.1,-0.9,-1.35
211778,0.0,-0.4,0.91,0.63,2.03,1.03,0.53,0.53,1.83,1.35
212125,0.0,-1.0,-0.1,-1.8,-2.0,-2.75,-3.0,-3.7,-2.85,-3.2
212571,0.0,-2.19,-2.89,-3.74,-3.49,-3.79,-4.89,-5.19,-3.99,-3.14
213248,0.0,-0.7,-0.5,-0.95,-1.5,0.2,-1.8,-1.5,0.2,-0.8
215149,0.0,1.0,1.1,0.1,1.35,2.0,0.85,-0.6,0.5,-0.15
215897,0.0,-3.32,0.5,1.0,1.9,1.3,2.2,1.9,0.55,0.47
217136,0.0,0.71,1.51,2.66,1.09,0.12,-0.85,1.79,0.66,0.66
220134,0.0,1.33,0.7,2.1,1.4,3.5,3.2,3.4,3.9,3.8
220464,0.0,-1.2,-2.35,-4.4,-6.1,-7.64,-8.5,-8.74,-10.19,-11.1
221154,0.0,-0.3,-1.1,-1.8,-1.8,-1.8,-2.3,-0.3,-2.65,-3.0
221800,0.0,0.6,-2.1,-2.1,-2.1,-2.1,-3.1,-0.85,0.75,0.8
222240,0.0,-3.2,-3.7,-4.5,-4.9,-5.3,-4.8,-4.0,-4.5,-4.85
223154,0.0,-2.2,-2.4,-2.3,-3.0,3.02,2.0,1.5,5.0,5.0
224917,0.0,-2.21,-2.86,-0.86,-1.26,-1.96,-2.36,-2.81,-4.06,-4.26
226033,0.0,-4.8,-4.8,-5.1,-5.55,-6.8,-7.65,-7.1,-7.5,-7.0
226518,0.0,4.45,4.1,4.1,4.25,4.25,4.0,4.1,3.5,3.75
228538,0.0,0.1,-1.5,-0.3,-1.5,-2.65,-2.75,-2.8,-4.4,-4.5
231650,0.0,-1.25,-0.5,1.0,2.0,3.0,2.0,1.75,3.0,2.0
232200,0.0,-0.75,-1.3,2.0,2.0,-0.1,-0.3,-0.3,-0.3,1.0
235351,0.0,16.05,18.15,17.75,15.71,15.84,14.91,12.7,12.73,11.58
235978,0.0,-1.8,-2.9,-3.0,-3.6,-4.1,-4.6,-4.1,-5.0,-5.3
237149,0.0,0.4,0.1,-2.87,-5.05,-5.7,-5.8,-6.8,-7.6,-7.6
243065,0.0,3.3,2.2,1.27,-0.7,-0.7,-1.4,-2.6,-2.9,-4.05
245852,0.0,4.35,3.57,2.05,2.2,3.65,3.5,3.55,3.9,1.18
251160,0.0,-0.05,-1.02,-1.32,-1.19,-1.05,-0.24,-0.08,-1.27,-2.16
252486,0.0,-1.55,-5.6,-6.4,-6.8,-2.85,-4.22,-4.25,-3.86,-3.72
252794,0.0,-1.9,0.6,-1.2,-1.95,-2.8,-4.2,-5.1,-1.7,-2.65
252958,0.0,2.2,3.1,4.9,4.9,5.4,5.5,5.6,6.2,6.4
254385,0.0,0.55,0.55,1.28,1.15,1.43,1.05,0.87,1.18,-0.22
254682,0.0,0.0,-0.5,-1.0,-1.15,-1.5,-1.5,-1.2,-1.7,-1.9
257644,0.0,-1.0,1.3,-0.3,-1.1,-1.4,0.5,4.0,2.65,1.9
258812,0.0,-1.3,-2.7,-2.75,-2.6,-2.35,-2.85,-2.7,-2.05,-1.8
259008,0.0,-2.0,-2.6,-2.4,-3.25,-4.0,-4.2,-4.4,-5.2,-6.1
259702,0.0,-1.97,-2.71,-2.84,-4.3,-4.86,-5.45,-5.81,-6.7,-6.32
260165,0.0,1.6,0.7,1.0,0.6,-0.8,-2.0,-3.0,-2.2,-3.5
260892,0.0,-0.5,0.4,0.4,-0.25,0.6,-0.3,-0.1,0.4,0.2
266599,0.0,-2.09,-3.53,-3.45,-4.4,-4.58,-5.1,-5.5,-6.39,-7.04
266927,0.0,-0.2,-0.5,0.2,-1.0,0.15,1.3,-1.9,-2.4,-1.9
268315,0.0,2.0,7.0,6.55,5.7,5.4,4.5,3.4,3.35,2.9
268879,0.0,-0.3,-0.5,-1.5,-3.7,-3.5,-4.1,-4.7,-4.5,-4.35
269145,0.0,-1.1,-0.3,-0.9,-0.85,-0.1,0.1,-0.2,-0.6,-1.2
269220,0.0,4.0,3.55,3.45,2.0,1.2,0.25,-0.35,-1.3,-1.6
269765,0.0,-1.6,-2.2,-3.8,-3.1,-2.3,-2.3,-1.85,-2.85,-2.95
270886,0.0,-0.8,-1.1,-0.9,-1.3,0.5,0.0,-1.5,-1.5,-1.7
271498,0.0,-1.2,-1.2,-0.6,-1.5,-1.5,-1.45,-1.9,-1.63,-3.7
276628,0.0,-1.9,-2.25,-3.2,-3.75,-3.9,-3.9,-3.9,-3.9,-3.9
278762,0.0,-0.3,-0.35,-0.3,-0.3,-0.3,0.0,-0.7,-0.8,-0.4
279876,0.0,-1.0,-1.3,-1.3,-1.9,-1.83,-3.05,-1.43,-0.1,0.2
281400,0.0,-0.6,-0.6,-0.75,-1.55,-1.95,-2.4,-2.3,-1.95,-2.4
282676,0.0,5.0,7.0,6.6,5.2,3.9,3.35,2.1,1.3,1.0
283478,0.0,1.33,-0.23,-0.9,-0.5,-0.98,-1.8,-1.33,-0.18,-0.7
283603,0.0,-4.37,-3.87,-3.73,-3.38,-3.25,-3.14,-4.51,-5.25,-5.96
283799,0.0,-1.4,-1.7,-2.2,-2.95,-3.15,-3.5,-4.55,-5.25,-5.8
285185,0.0,0.1,3.3,3.3,3.1,3.05,2.7,2.8,3.98,2.43
288877,0.0,-0.3,-1.2,-1.3,-1.2,-0.8,-2.1,-5.15,-4.85,-3.0
289101,0.0,-0.38,-0.08,-0.7,0.7,0.1,-0.05,-0.15,-0.4,-0.55
290812,0.0,-1.5,-3.1,-1.35,-1.55,-2.4,-2.9,-2.2,-2.35,-3.8
291797,0.0,5.8,5.8,10.8,10.8,9.2,8.5,7.2,6.7,6.45
292668,0.0,-0.8,1.1,1.1,1.5,1.4,0.3,0.0,0.1,2.0
294946,0.0,-2.28,0.82,-3.98,-4.28,-4.78,-6.38,-12.0,-13.78,-14.98
295360,0.0,1.3,1.25,1.5,1.4,1.5,1.1,1.65,0.7,1.2
297431,0.0,0.53,1.51,2.2,2.18,2.06,2.35,2.49,2.65,2.0
297494,0.0,-1.16,-0.82,-1.13,-1.53,-2.38,-2.17,-2.78,-2.75,-3.35
297826,0.0,-1.0,0.0,0.0,-0.1,-0.6,-1.2,-1.1,-2.25,-2.5
305503,0.0,-3.12,-2.28,-3.92,-3.99,-4.1,-4.94,-6.33,-6.88,-8.37
306999,0.0,0.9,1.9,2.1,1.3,2.65,2.35,2.38,2.9,4.44
307863,0.0,-1.3,-1.7,-3.2,-3.6,-3.95,-5.5,-5.9,-7.2,-7.9
309025,0.0,-0.58,-0.23,-1.2,-2.28,-1.73,1.37,1.07,0.77,0.21
309092,0.0,-0.6,1.8,0.9,0.5,-0.2,1.3,1.6,2.3,3.1
310116,0.0,-1.55,-1.9,6.0,5.2,5.0,4.1,2.8,2.15,0.4
310232,0.0,-0.87,0.6,0.6,3.7,3.6,3.95,2.55,3.85,3.4
310784,0.0,-1.85,-1.65,-2.15,-1.95,-1.2,-0.75,-0.5,-0.95,-0.75
313118,0.0,-2.0,0.0,-1.25,-2.0,-2.1,-3.8,-5.45,-7.15,-9.3
313679,0.0,-2.0,-2.2,-3.0,-4.15,-4.5,-5.5,-6.0,-6.1,-6.4
314411,0.0,-6.93,-6.78,-7.31,-4.73,-5.06,-4.46,-3.32,-5.93,-5.95
314728,0.0,-3.05,1.05,1.05,2.05,1.6,1.15,0.0,-1.65,-2.07
315506,0.0,-4.53,-5.27,-7.3,-8.8,-10.05,-10.54,-11.55,-12.73,-13.13
315577,0.0,-2.0,-1.3,-1.55,-1.55,-1.9,-1.9,-4.0,-3.3,-3.5
316414,0.0,-1.69,-1.83,-2.29,-2.29,-1.7,-2.59,-2.99,-3.44,-4.13
323662,0.0,-0.88,0.86,0.45,-0.16,0.87,1.09,1.02,0.59,0.64
323852,0.0,-0.6,-1.6,-2.73,-4.7,-5.92,-6.0,-6.0,-7.15,-7.2
325953,0.0,-1.3,-3.0,-3.0,-3.9,-3.9,-4.63,-5.2,-5.1,-6.02
326182,0.0,2.8,2.8,3.05,2.7,2.25,2.3,2.05,2.4,2.4
326496,0.0,-0.3,-0.5,2.07,2.34,-1.2,-1.4,-1.6,-1.9,-3.75
326641,0.0,-0.04,-0.84,-0.5,-0.06,0.14,-1.4,-0.37,0.85,1.4
328063,0.0,-0.25,-0.4,-1.0,-2.2,-2.25,-2.85,-3.3,-3.65,-4.3
331251,0.0,-0.07,-0.3,-0.17,0.03,0.83,-0.47,-0.82,-1.27,-1.17
337965,0.0,7.85,7.7,3.8,2.7,3.1,1.4,1.5,-0.5,-1.4
339840,0.0,0.4,0.8,0.5,0.7,0.7,0.7,0.7,0.9,0.7
340232,0.0,2.0,1.1,3.0,1.6,1.6,1.1,3.8,2.87,2.2
341028,0.0,-2.0,-1.9,-2.5,-1.8,-1.9,-2.5,-2.5,-1.3,-1.3
343461,0.0,-2.5,-3.75,-6.1,-6.95,-6.4,-9.05,-9.5,-11.6,-12.0
347698,0.0,-0.8,-0.6,-1.5,-2.0,-2.9,-0.3,-0.3,-1.2,-1.3
348487,0.0,-0.4,-2.1,-3.9,-4.5,-7.5,-8.9,-9.4,-8.0,-9.0
349643,0.0,0.0,-1.45,-2.25,-3.7,-2.55,-3.3,-0.7,0.3,0.6
349994,0.0,-0.45,-0.5,-0.1,-0.9,-1.1,-1.85,-1.8,-1.5,-1.4
350828,0.0,0.1,-0.5,-0.8,-1.95,-2.2,-2.3,-2.4,-2.3,-2.6
352076,0.0,3.07,0.9,0.0,-0.7,-0.9,-1.35,-1.6,-0.75,-1.8
354104,0.0,-0.05,-0.85,-0.85,2.35,1.95,1.85,3.85,3.3,4.15
354557,0.0,-1.01,-2.32,-3.31,-4.17,-4.66,-12.0,-13.0,-13.0,-12.0
356225,0.0,0.0,-1.1,-0.73,-0.6,-0.7,-1.0,-1.2,-1.3,-1.3
359807,0.0,4.0,7.1,12.4,11.9,12.0,12.0,15.05,13.0,13.0
359943,0.0,-0.2,-0.2,-0.1,0.97,0.4,0.55,0.3,-0.05,-1.05
361458,0.0,-3.2,-3.2,-2.0,-3.6,-3.3,-3.0,-3.0,-3.85,-4.0
362592,0.0,0.4,0.1,1.1,-0.45,-0.9,-0.65,0.5,1.0,0.25
371004,0.0,-0.6,-1.1,-1.65,-1.93,-2.1,-3.1,-3.5,-3.6,-4.1
375442,0.0,0.0,-4.6,-6.2,-6.9,-7.7,-9.2,-10.0,-10.5,-11.8
375640,0.0,-1.6,-1.6,-0.65,-0.8,-2.4,-3.1,-4.6,-4.8,-5.35
376041,0.0,-2.2,-2.7,-0.5,0.7,-0.4,2.9,5.8,5.2,3.8
376334,0.0,1.08,0.28,-0.48,-1.57,-2.33,-3.5,-3.17,-3.35,-4.61
383540,0.0,-0.4,-1.7,-2.3,-3.2,-4.1,-4.9,-4.4,-4.7,-6.3
384458,0.0,-2.1,-3.3,-4.6,-5.5,-6.0,-6.9,-8.6,-8.8,-9.1
385238,0.0,-5.25,-4.0,-5.15,-6.55,-6.45,-5.95,-6.12,-6.61,-5.37
386092,0.0,-0.6,-2.35,-2.3,-3.4,-3.5,-4.2,-4.6,-4.7,-5.8
387124,0.0,-1.0,-1.6,-1.9,-1.9,-2.3,-2.9,-3.15,-3.6,-4.3
387825,0.0,1.9,-1.3,-0.7,-2.5,-5.8,-4.4,-5.6,-4.7,-4.7
388846,0.0,0.17,-0.07,0.0,-0.6,-0.3,-0.8,-1.55,-1.0,-2.3
390646,0.0,0.4,-0.2,4.6,4.6,5.0,4.4,2.9,2.45,2.3
392088,0.0,-0.95,-2.3,-3.0,-2.6,-2.8,-2.4,-2.5,-2.7,-2.6
392715,0.0,-0.8,0.8,1.15,0.3,0.55,0.45,0.45,0.8,-0.6
393629,0.0,0.6,-0.7,-0.1,0.3,0.38,0.54,1.09,1.46,1.29
394161,0.0,0.37,0.54,0.5,0.5,0.88,1.1,1.31,1.36,1.51
398261,0.0,0.95,0.2,1.4,2.55,2.1,2.1,3.1,2.7,2.6
400690,0.0,-0.7,-1.59,-2.0,1.5,1.3,1.35,0.6,0.2,-0.35
405893,0.0,-0.3,0.05,1.2,0.4,0.2,1.1,1.5,1.8,0.8
406350,0.0,-4.95,-1.7,-5.7,-0.1,0.7,-2.7,-2.8,-4.5,-0.1
409348,0.0,-1.67,-2.68,-3.5,-4.18,-5.33,-5.93,-5.43,-4.83,-6.48
410863,0.0,0.75,0.5,0.5,1.1,1.1,0.2,0.1,-0.1,-0.1
410932,0.0,-1.0,-1.88,-2.05,-2.13,-2.7,-3.7,-3.7,-3.6,-2.55
414206,0.0,-1.1,-2.4,-2.4,-3.0,-2.7,-2.3,-1.4,-2.3,-2.1
415215,0.0,-1.3,-0.7,-0.8,-0.7,-0.5,-0.4,-0.1,-1.2,-2.55
415788,0.0,0.27,-0.25,-0.65,-0.6,-0.85,0.65,1.2,0.65,0.65
419230,0.0,-2.35,-2.8,-3.08,-3.7,-3.85,-2.05,-3.4,-3.5,-4.7
419937,0.0,2.1,0.5,0.3,-0.8,-0.6,-1.8,-1.55,-1.1,-0.8
422905,0.0,-1.05,-1.4,-1.75,-0.95,-0.8,-1.2,-1.5,-1.2,-0.6
423405,0.0,-0.13,-0.3,-0.51,-0.51,1.07,1.08,0.08,0.38,-0.72
425039,0.0,1.1,2.7,2.03,2.45,2.1,1.2,2.68,3.8,3.7
428375,0.0,0.0,2.0,0.2,-0.3,2.0,2.0,2.85,2.4,1.5
429059,0.0,0.0,1.0,1.0,-1.7,-0.8,-0.8,1.4,-1.4,0.9
431509,0.0,-1.8,3.0,2.2,1.3,0.6,0.5,-0.2,-0.9,-1.5
432343,0.0,-1.6,1.5,3.7,4.2,3.4,4.0,-4.5,-6.2,-4.5
434227,0.0,-0.9,-0.2,0.4,0.5,0.5,-0.05,2.7,3.7,2.6
436307,0.0,-2.85,-3.2,-2.5,-2.9,-2.75,-3.4,-2.65,-2.1,-2.0
437809,0.0,-1.09,-0.39,-0.39,-0.49,-0.79,-1.29,-0.89,-0.34,-1.39
442290,0.0,-2.65,2.48,3.23,2.88,1.87,1.4,1.14,0.8,0.1
443109,0.0,-0.25,-1.4,-1.65,-1.65,-0.15,0.78,0.35,-0.95,0.07
443747,0.0,-0.7,-1.6,-2.0,-1.55,-2.05,-2.95,-2.3,-2.5,-3.2
446653,0.0,-1.2,-2.2,-3.32,-3.8,-4.08,-3.45,-3.6,-2.6,-1.0
447323,0.0,-0.1,-3.1,-3.23,-3.6,-3.51,-3.3,-4.5,-2.0,-4.1
449597,0.0,-1.0,-1.3,-1.0,-1.8,-1.3,-1.8,-2.0,-2.3,-3.7
450224,0.0,2.05,1.95,1.57,1.15,-0.3,3.5,3.75,2.35,2.62
450625,0.0,-0.8,-0.8,-1.3,-0.6,-0.3,0.3,2.1,1.3,1.2
452097,0.0,-1.65,-1.15,-0.8,-1.05,-0.2,-0.9,-0.6,-0.6,-0.7
455815,0.0,0.1,0.2,-0.13,-0.8,-2.8,1.5,-0.5,1.6,3.5
457231,0.0,0.5,-0.7,0.1,1.1,0.2,-0.2,-1.0,-1.6,-0.4
460789,0.0,-2.6,-2.75,-2.77,-2.95,-3.2,-3.5,-4.6,-4.5,-2.9
461395,0.0,-0.4,-0.3,-0.3,-0.5,-0.6,-0.7,-1.32,-1.6,-2.0
462921,0.0,-0.3,-0.7,-1.15,-1.55,-1.6,-1.95,-2.25,-2.9,-2.72
465029,0.0,-0.27,-0.83,-1.63,-2.21,-2.72,-3.69,-3.48,-3.85,-4.48
465704,0.0,-4.1,-4.85,-5.9,-6.6,-7.7,-10.8,-11.7,-14.3,-17.1
465870,0.0,-2.8,-3.0,-4.1,-4.2,-4.45,-4.9,-4.5,-6.15,-7.2
466191,0.0,-0.16,-0.16,-0.16,-0.16,-0.16,0.54,0.34,0.34,0.34
466665,0.0,5.18,4.56,3.94,3.75,3.74,3.16,2.67,1.55,1.3
468187,0.0,-0.9,-1.2,-1.8,-2.3,-4.1,-5.0,0.2,-0.4,-1.35
468859,0.0,-1.2,-1.4,-2.15,-2.1,-2.3,-3.4,-3.7,-3.6,-3.6
469889,0.0,4.0,4.0,1.5,1.1,0.1,-0.1,-1.2,-1.7,-2.15
470989,0.0,1.2,0.4,1.8,1.55,0.7,2.6,2.2,0.55,0.2
477024,0.0,-11.3,-12.2,-12.78,-15.58,-17.2,-18.6,-19.5,-20.9,-22.05
477586,0.0,-5.8,-7.3,-8.25,-9.75,-10.4,-11.0,-7.4,-7.53,-9.1
478433,0.0,-0.6,-1.2,-2.15,-2.4,-2.4,-1.4,-1.62,-1.4,-0.6
481994,0.0,0.35,0.4,0.1,0.1,0.5,0.28,-0.5,-0.2,-0.05
482591,0.0,-5.0,-5.0,-5.0,-5.0,-6.5,-5.5,-6.22,-6.7,-7.9
484453,0.0,0.4,0.1,-0.7,1.55,3.05,1.35,1.35,3.38,2.55
485238,0.0,0.7,0.7,1.75,2.1,2.8,2.2,0.6,0.05,3.2
487822,0.0,-0.29,-0.19,-1.08,-1.1,-2.25,-2.38,-2.56,-2.18,-2.18
488762,0.0,-2.6,-3.4,-4.6,-5.0,-5.0,-5.4,-6.05,-6.35,-5.7
491954,0.0,-1.1,-0.2,0.4,-0.55,-0.45,-0.2,0.4,-0.7,0.5
496290,0.0,-2.8,-4.23,-5.77,-8.27,-8.5,-8.45,-8.5,-9.4,-10.57
496624,0.0,-0.3,-1.2,-1.12,-2.0,-4.9,-4.53,-5.0,-4.33,-3.95
496769,0.0,1.4,1.4,1.6,1.6,0.2,1.3,1.7,0.1,-0.4
501017,0.0,-1.6,-2.45,-2.8,-2.9,-3.6,-3.6,-4.05,-4.65,-5.05
502595,0.0,4.3,3.8,3.8,3.45,4.9,4.3,3.6,5.75,4.98
503209,0.0,0.7,0.7,-4.17,-4.4,-4.05,-4.4,-4.5,-4.6,-5.0
505153,0.0,-2.8,-3.3,-4.15,-3.25,-3.45,-3.0,-4.57,-6.5,-6.5
508617,0.0,-0.9,-2.1,-2.4,-3.15,-3.3,-3.75,-3.95,-4.3,-4.3
510404,0.0,-0.5,1.0,2.0,1.0,1.5,1.05,0.55,0.0,1.0
516221,0.0,-1.2,-1.5,-2.1,-1.5,-1.05,-2.6,-2.3,-2.3,-1.7
516710,0.0,-0.9,-0.6,1.57,1.55,2.45,1.4,1.0,0.5,0.4
523116,0.0,-1.2,-1.3,-1.25,-1.0,-0.4,-0.3,-0.9,-1.0,-1.5
529821,0.0,1.45,1.7,1.3,1.1,1.5,1.5,1.2,1.8,0.65
535207,0.0,-0.4,-0.42,-0.15,-0.7,-1.2,-1.3,-0.45,-0.57,-0.69
536647,0.0,-1.15,3.8,2.42,2.1,2.2,2.7,4.6,4.8,4.3
537326,0.0,-0.5,-1.3,-0.8,-2.0,-3.0,-1.0,-1.4,0.45,1.0
538074,0.0,-3.3,-3.7,-4.9,-5.6,-5.75,-6.1,-7.2,-6.8,-6.35
540869,0.0,-0.7,-0.9,0.1,-0.5,-1.55,-1.6,-1.45,-0.4,-0.5
541206,0.0,-0.5,0.0,-1.4,-1.6,3.0,3.0,1.3,2.7,0.4
544072,0.0,4.0,2.2,1.9,3.25,3.3,2.77,2.7,1.7,3.05
545346,0.0,0.2,-0.1,-0.45,-0.7,0.0,-1.55,-1.6,-1.4,-1.5
548769,0.0,-1.6,-1.6,-1.3,-1.3,-1.3,-1.85,-2.3,0.0,-0.3
559487,0.0,-1.9,-2.7,-2.8,-2.7,-3.9,-3.5,-4.1,-4.2,-5.6
565634,0.0,-5.3,-4.0,-4.15,-4.6,-3.25,-3.55,0.7,-1.7,-2.45
565781,0.0,2.85,0.8,2.1,1.6,-0.35,-0.7,-0.7,0.1,-0.7
566225,0.0,1.9,0.45,-0.3,-1.15,-2.4,-3.45,-3.75,-4.1,-4.4
569363,0.0,-2.65,-3.75,-3.95,-4.85,-5.95,-6.75,-7.55,-8.25,-9.15
569529,0.0,0.3,0.1,1.05,0.9,0.55,-0.3,-0.05,-0.6,1.9
571363,0.0,1.0,0.85,-0.1,-0.29,0.16,0.5,0.3,0.95,-0.8
575700,0.0,-0.5,0.45,1.1,0.15,-0.2,-0.9,-0.1,0.05,0.4
577323,0.0,0.0,-0.27,-0.3,-0.8,-0.91,-1.35,-2.0,-2.1,-2.5
577687,0.0,-6.2,-6.45,-8.2,-8.8,-10.1,-11.0,-11.3,-11.9,-13.8
581304,0.0,-0.26,-0.56,0.38,0.22,0.1,-0.3,-1.02,-1.46,-1.23
584112,0.0,-1.1,-1.3,-0.1,-1.0,-2.0,-2.0,-1.93,-1.86,-1.86
584358,0.0,-0.5,-0.5,-1.3,-1.9,-2.4,-0.9,3.6,1.3,0.2
585201,0.0,-0.55,-0.9,-0.24,-0.14,0.15,2.4,1.35,1.9,2.0
586470,0.0,-0.85,-0.26,-0.55,-1.45,-1.15,-1.56,-1.55,-1.3,-1.45
588132,0.0,-1.7,-2.15,-0.21,-1.21,-1.51,-1.41,-2.41,-2.91,-3.26
590134,0.0,-0.7,-1.1,-1.4,1.0,-0.7,-2.2,-2.8,-2.9,-3.9
590350,0.0,-2.1,-2.2,-5.02,-7.35,-7.35,-5.84,-2.6,-2.95,-2.85
595906,0.0,0.2,-0.3,1.0,0.86,-0.4,-1.5,-0.7,2.0,0.73
596156,0.0,0.8,0.35,0.1,-0.85,-1.2,-2.0,-3.1,-3.9,-3.2
600133,0.0,-1.85,-3.2,-3.4,-3.8,-4.0,-4.17,-4.57,-4.9,-5.0
600676,0.0,0.5,1.0,-2.4,-2.1,-1.2,-1.76,-2.6,-3.1,-4.4
603659,0.0,-1.1,-2.25,-2.4,-3.15,-2.8,-3.05,-3.4,-1.9,-2.3
603786,0.0,-2.34,-3.01,-4.0,-5.79,-6.62,-7.57,-8.52,-9.19,-9.25
604088,0.0,-1.0,-0.96,-2.7,-4.2,-4.1,-4.4,-2.1,-2.3,-2.5
604146,0.0,-1.24,-1.35,-0.32,0.55,0.78,-0.2,-0.2,0.0,-1.74
605922,0.0,2.01,1.96,1.0,1.0,1.15,0.03,-0.05,0.0,0.23
606631,0.0,-0.14,-0.34,-0.58,-0.84,-1.51,-1.52,-1.73,-2.04,-2.0
614593,0.0,-3.4,-2.9,-0.5,0.5,-0.3,-0.2,-0.2,-0.3,0.5
614951,0.0,0.8,2.2,0.65,1.4,1.4,2.15,1.4,1.0,1.0
615220,0.0,-2.5,-2.5,0.3,0.7,1.15,1.6,2.4,1.6,1.7
617050,0.0,1.6,1.25,-0.2,-0.4,0.17,-0.15,0.18,0.3,-0.3
618889,0.0,0.55,-0.4,-0.7,0.0,0.7,0.4,0.3,0.3,0.5
619656,0.0,-1.85,-0.1,-0.9,-1.15,0.55,-0.2,-0.9,0.4,-0.8
621171,0.0,-1.3,-1.7,-1.5,-2.0,-2.0,-1.9,-1.9,-1.8,-1.6
622628,0.0,0.5,-0.1,1.2,1.5,0.5,0.0,-1.7,-0.2,-0.8
623283,0.0,-1.2,3.15,3.2,1.5,5.7,5.7,7.14,3.5,1.8
624857,0.0,-1.2,3.0,0.7,-0.25,0.1,-0.6,-0.1,-0.15,-0.3
624965,0.0,-0.5,-0.75,-1.2,-0.5,-0.6,-0.5,-0.6,-0.8,-0.8
625620,0.0,-0.9,-1.6,-1.35,-0.9,-2.5,-2.5,-2.6,-2.5,-3.2
627995,0.0,-1.1,-1.4,-1.5,-3.6,-3.8,-3.7,-3.7,-2.5,-2.5
628881,0.0,-1.74,-2.39,-3.17,-3.95,-5.21,-6.49,-6.96,-7.11,-9.0
631187,0.0,-2.01,-2.62,-3.55,-4.19,-4.78,-4.44,-4.67,-4.62,-4.23
631254,0.0,2.0,2.9,2.79,2.2,1.8,3.0,3.7,3.4,6.07
631644,0.0,-1.4,-3.2,-3.3,-2.6,-2.65,-2.15,-2.1,-2.0,-1.9
637181,0.0,-0.6,0.1,-0.4,-0.6,0.0,0.9,2.05,1.0,2.6
640132,0.0,-3.9,-5.15,-6.17,-7.21,-7.7,-8.9,-10.2,-10.2,-11.2
642712,0.0,-2.5,-2.4,-4.1,-3.75,-4.2,-2.4,-2.7,-4.0,-4.3
644365,0.0,-0.4,-0.6,-0.2,2.3,1.3,-0.15,-0.3,-0.2,-0.1
646337,0.0,0.1,1.6,1.6,2.35,2.3,1.3,1.8,1.2,1.0
651081,0.0,-1.1,-1.6,-1.2,-0.9,-1.5,-1.2,-1.6,-2.6,-2.5
651960,0.0,-0.84,-0.89,-1.5,-1.45,-1.58,-2.38,-2.47,-2.5,-2.0
652760,0.0,-2.05,-2.7,-2.9,-3.7,-4.6,-4.8,-5.2,-5.5,-5.5
654230,0.0,-3.0,-7.25,-8.5,-6.6,-6.3,-4.85,-4.7,-4.7,-4.7
654467,0.0,-0.12,0.04,-0.24,-0.45,-0.11,0.34,-0.65,-1.35,-1.28
657918,0.0,-2.3,-2.9,-2.83,-3.3,-3.15,-2.3,-1.59,-1.61,-2.3
660765,0.0,0.25,-0.7,0.4,0.35,-0.5,-1.05,-1.4,0.0,-0.3
670578,0.0,-0.2,0.3,0.9,0.1,1.0,-1.2,-1.75,-1.8,-1.6
671156,0.0,-0.34,-0.8,-0.1,0.35,0.8,1.3,1.3,-0.05,0.7
673617,0.0,0.7,0.3,1.1,1.3,1.6,1.6,1.3,0.3,0.85
675654,0.0,-0.8,-1.1,-1.22,-0.9,-1.8,-2.4,-2.2,-2.5,-2.4
678859,0.0,-0.7,-1.6,-1.5,-1.55,-1.3,-1.8,-1.95,-2.1,-2.45
682532,0.0,0.25,-0.7,1.0,-1.15,-1.7,-2.9,-3.8,-4.1,-5.7
689347,0.0,2.25,1.8,2.25,2.5,2.5,3.4,2.9,2.65,2.6
689629,0.0,-1.0,-2.8,-3.5,-4.6,-5.7,-6.15,-7.1,-7.5,-7.9
692765,0.0,-0.2,-0.5,-1.9,-2.7,-4.85,-5.3,-5.0,-5.6,-4.9
694188,0.0,-5.4,-7.7,-7.4,-7.1,-6.2,-7.6,-7.6,-7.4,-7.4
702260,0.0,-0.2,-0.65,-1.5,-1.7,-1.5,-2.3,-2.8,-3.4,-3.55
702818,0.0,-0.8,-1.55,-2.95,-2.9,-3.3,-4.2,-5.2,-5.85,-6.1
704844,0.0,2.15,0.4,-0.4,-0.85,-1.95,-2.67,-2.9,-2.3,-3.5
709614,0.0,-0.2,-0.7,-0.6,0.5,0.01,0.01,0.41,0.05,-0.02
709877,0.0,-0.8,-0.2,-0.2,0.05,0.5,0.6,0.1,0.5,1.3
711103,0.0,-2.1,-1.6,0.7,0.42,-0.9,-0.9,-0.5,-0.8,-0.65
715513,0.0,-0.8,-1.05,0.6,0.55,0.5,0.15,0.0,-2.2,-1.9
716067,0.0,-0.2,-0.3,-0.8,-2.2,-1.37,-1.2,-1.2,-1.5,-0.6
716095,0.0,-0.7,2.95,2.2,3.1,2.85,2.9,1.76,0.24,-0.9
719645,0.0,2.1,1.85,0.8,0.27,-0.4,-0.9,-1.2,-1.2,-1.4
723535,0.0,-1.1,-0.75,-1.8,-3.1,-2.0,-2.35,-2.0,-1.97,-2.85
724764,0.0,-2.15,-3.8,5.5,4.0,1.7,-0.05,0.0,-0.85,-2.2
727779,0.0,-1.9,-3.1,-4.0,-2.8,-4.2,-2.6,-2.3,-0.9,-0.9
728227,0.0,1.08,1.08,1.31,2.59,2.19,3.11,3.85,3.78,1.46
739601,0.0,-0.8,-0.3,-0.3,-0.95,-1.4,0.2,0.25,1.45,1.1
740711,0.0,-0.3,-2.6,-3.55,-3.96,-4.78,-5.0,-5.15,-5.2,-4.7
741664,0.0,0.2,0.73,0.23,1.03,1.03,1.03,-0.97,-0.06,0.03
745315,0.0,-3.0,-2.9,-3.1,-4.05,-4.0,-3.65,-3.7,-3.25,-3.95
748091,0.0,-0.3,-0.35,-0.5,-0.8,-1.2,-1.9,-1.8,-0.9,-2.6
754667,0.0,1.5,-0.3,-0.7,-0.8,2.15,3.36,2.29,0.5,0.45
762963,0.0,-3.0,5.0,5.6,5.7,4.3,3.5,5.15,4.8,3.65
769612,0.0,0.85,2.9,3.0,0.7,-0.3,0.85,-1.6,-3.6,-4.1
769834,0.0,-0.45,-1.05,0.0,-0.1,-0.65,-0.1,-0.35,0.9,-0.3
770556,0.0,-0.1,-0.6,-1.1,-0.8,-1.2,-1.2,-1.1,0.5,0.5
772293,0.0,0.2,-0.3,-0.5,-1.5,-2.1,-2.75,-3.25,-1.6,0.3
778315,0.0,-2.5,-3.3,-3.9,-5.1,-5.5,-6.0,-6.4,-5.95,-5.7
779156,0.0,5.0,2.0,2.5,0.45,-1.3,-1.9,-2.3,-3.05,-3.7
779943,0.0,-3.6,-2.7,-1.2,-2.3,-3.0,-3.0,-2.8,-2.5,-2.5
781695,0.0,4.0,4.0,0.3,-0.4,-0.8,-1.1,-1.6,-1.95,-2.2
782725,0.0,0.3,1.0,-0.2,0.4,2.6,2.6,1.65,0.7,1.89
788661,0.0,-1.0,-4.15,-3.6,-3.6,-4.32,-5.6,-5.55,-6.37,-6.25
790172,0.0,-1.5,-1.35,-1.3,-0.4,-0.7,-0.5,-0.3,-0.77,0.45
792506,0.0,0.02,0.02,0.51,0.2,0.24,-0.51,-1.61,-1.43,-1.93
793224,0.0,-3.8,-3.4,-3.45,-4.45,-5.1,-5.6,-6.2,-7.4,-9.8
794207,0.0,0.0,0.0,-0.7,-0.05,-0.5,-0.5,-0.7,-0.7,-0.95
800091,0.0,0.8,1.4,-0.3,1.2,0.0,0.3,0.75,1.1,1.1
800399,0.0,-1.0,-1.4,-1.6,-1.9,-2.3,-4.5,-4.5,-4.9,-2.65
801908,0.0,-0.97,-1.6,-1.9,-2.8,-1.9,-1.9,-0.8,-1.17,-2.0
802117,0.0,-0.17,-1.05,-1.71,-2.0,-2.2,-6.32,-6.3,-3.1,-5.4
806100,0.0,-1.3,-2.8,-2.2,-1.8,-1.9,-3.3,-2.97,-2.97,-5.2
807971,0.0,-0.61,-1.91,-2.11,-2.56,-2.91,-3.51,-4.11,-4.06,-4.41
808523,0.0,-4.6,-5.48,-6.78,-5.85,-5.95,-5.91,-5.16,-5.51,-5.5
808992,0.0,0.5,-0.1,-0.2,0.5,0.5,-0.6,-0.56,-0.52,1.68
812590,0.0,-2.2,0.6,-1.4,-1.4,-1.9,-2.65,-2.55,1.15,3.65
813284,0.0,-1.5,-1.9,-2.5,-2.8,-3.7,-4.6,-4.8,-5.15,-6.35
813993,0.0,-3.25,1.83,2.2,0.1,-1.3,-3.4,2.7,4.05,4.5
815995,0.0,-2.6,-3.95,-4.21,-5.51,-6.58,-6.7,-8.19,-8.47,-7.97
821360,0.0,-3.8,-5.4,-5.5,-5.3,-5.95,-6.3,-6.5,-7.1,-7.7
822043,0.0,-0.8,-1.0,-1.25,-0.2,-0.6,-1.15,0.53,-0.37,-0.37
823690,0.0,-1.2,-0.85,-1.1,-1.0,-0.8,-1.8,-0.3,-0.2,-1.0
826119,0.0,-0.4,0.65,0.4,0.25,0.4,0.8,-0.05,1.4,1.55
828576,0.0,-0.28,-0.05,0.15,0.0,0.1,-0.18,0.32,-0.18,-1.03
830807,0.0,1.6,0.8,0.75,1.0,0.5,0.9,0.8,0.8,0.9
832956,0.0,-0.3,-0.2,-0.7,-0.65,-0.3,0.2,0.5,0.1,0.6
833555,0.0,-0.99,-0.92,0.08,0.94,1.0,0.49,-0.44,-1.27,-1.05
835277,0.0,0.2,0.4,-0.1,-1.4,-2.25,-2.7,-1.4,-2.3,-3.65
836443,0.0,-0.7,-1.0,-1.15,-1.5,-2.3,-3.4,-4.2,-3.4,-4.3
839941,0.0,-0.52,-1.0,-0.1,-0.6,0.3,-0.77,-0.9,-0.35,-0.63
844390,0.0,-3.1,-0.9,-1.0,-2.0,0.5,-0.4,2.7,2.3,0.8
847013,0.0,0.0,2.1,0.45,0.7,1.25,1.45,1.1,1.1,1.3
848765,0.0,1.1,-0.1,1.3,-0.5,-1.0,-1.2,-1.6,-2.6,-3.2
849013,0.0,0.5,0.2,-0.6,0.1,-0.2,-0.95,-1.1,-0.9,-0.9
850727,0.0,-0.1,0.3,0.3,0.4,0.0,1.8,0.1,1.6,1.2
857175,0.0,-0.5,0.5,-1.0,-0.6,-1.3,-0.6,-0.95,-1.5,-2.3
857977,0.0,1.25,0.45,0.75,0.35,-0.1,-0.25,-0.05,-0.25,-0.22
859298,0.0,0.1,0.1,0.1,0.2,0.1,0.3,0.35,-0.15,-0.4
860139,0.0,-0.4,-0.4,1.3,3.1,3.4,3.8,3.3,2.95,3.05
862764,0.0,-0.2,-0.67,-0.7,-1.4,-1.4,-1.37,-1.37,-7.0,-5.2
866924,0.0,-2.95,-7.37,-12.75,-13.4,-14.2,-14.3,-15.25,-15.6,-16.8
867607,0.0,-2.09,-2.54,-3.03,-0.79,-1.48,0.97,0.15,-0.68,0.44
868301,0.0,-1.2,-1.45,-1.0,-1.0,-1.2,-1.6,-1.1,-0.8,-0.8
880660,0.0,-0.6,-0.9,-1.1,-2.2,-3.2,-4.05,-4.6,-4.65,-4.4
882257,0.0,0.6,-2.5,-1.0,0.0,0.0,-0.4,-0.8,-1.7,-2.4
883311,0.0,4.5,4.5,6.5,7.1,8.5,6.1,5.7,5.03,4.5
885378,0.0,2.1,3.1,2.5,3.1,3.1,4.65,2.8,1.8,1.7
886475,0.0,-1.03,-0.08,-1.02,-0.73,-0.82,-1.17,-1.26,-1.36,0.01
887932,0.0,-2.3,-3.0,-3.4,-3.7,-4.15,-5.85,-6.05,-5.8,-5.4
889807,0.0,0.62,0.0,3.1,3.73,2.5,1.8,3.1,6.6,4.9
890437,0.0,-1.0,-0.2,-0.95,-0.21,-0.21,-1.11,-0.31,-0.21,0.29
892019,0.0,0.2,0.9,0.3,-1.0,-6.6,-7.0,-7.2,-7.65,-8.0
896435,0.0,-0.33,-2.2,-3.35,-5.3,-5.95,-6.2,-7.2,-8.0,-8.6
898724,0.0,-2.85,-3.6,-4.05,-4.4,-4.6,-4.9,-5.45,-5.75,-5.8
898741,0.0,-2.2,-0.1,-2.05,-3.65,-5.05,-6.4,-7.95,-10.0,-7.3
904354,0.0,-1.65,-1.4,-1.3,-1.5,-1.3,-1.3,-1.68,-2.37,-2.1
905992,0.0,0.05,-1.6,-0.5,0.6,0.6,0.0,-0.7,-0.9,0.1
907962,0.0,-0.6,0.35,1.1,0.6,0.5,0.1,0.6,0.5,-0.5
913831,0.0,0.55,0.3,0.45,0.65,0.37,0.3,0.5,0.7,-0.75
914337,0.0,1.2,0.1,-1.35,-2.2,-2.8,-3.75,-4.0,-4.85,-5.6
915120,0.0,-3.1,-3.65,-4.5,2.15,1.25,0.75,-0.3,-0.95,-1.6
921168,0.0,-1.2,-1.3,-2.2,-3.8,-5.0,-6.7,-6.7,-6.75,-7.8
924239,0.0,-3.45,-4.55,-5.5,-6.05,-7.2,-7.55,-8.8,-9.2,-10.0
924422,0.0,0.0,-0.7,-1.6,-2.3,-3.4,-3.65,-3.8,-5.9,-5.2
929067,0.0,-3.15,-3.8,-4.0,-4.5,-3.8,-4.4,-4.7,-5.6,-3.5
932660,0.0,0.3,0.3,-0.08,0.1,0.8,0.95,0.4,0.0,0.05
932768,0.0,-1.95,-1.9,-1.65,-0.8,-1.6,-1.95,-1.2,0.1,0.5
933645,0.0,-0.8,-0.7,1.5,0.0,0.0,4.3,1.9,1.2,0.65
938902,0.0,-0.9,-1.1,-0.5,1.0,1.0,0.1,0.1,-0.6,-0.5
941669,0.0,-0.4,-1.5,-2.75,-3.05,-3.2,-3.8,-2.8,-2.2,-2.3
942607,0.0,0.48,-0.57,0.11,0.11,0.21,1.38,0.29,-0.78,-0.75
943368,0.0,0.0,0.0,0.7,3.0,-0.1,-1.2,-1.8,-3.75,-4.65
944747,0.0,-0.2,-1.6,-1.65,-1.4,-1.8,-2.1,-3.1,-3.5,-4.15
945553,0.0,-2.5,-2.45,-1.65,-3.3,-3.2,-3.3,-3.3,-2.8,-5.0
946920,0.0,-1.0,-1.3,-1.66,-2.65,-3.64,-4.7,-5.0,-5.7,-6.3
948237,0.0,-2.35,-2.8,-3.6,-3.9,2.3,0.75,0.35,0.2,-0.5
948379,0.0,1.4,1.05,-0.4,-1.1,-1.25,-1.0,-1.2,-2.13,-2.3
948840,0.0,-3.0,-2.0,-0.2,-1.3,-2.3,-3.3,-4.3,-4.7,-5.05
950442,0.0,0.35,0.4,-0.05,0.0,-0.32,-0.1,0.0,-0.4,-0.2
953138,0.0,0.0,0.67,1.0,2.0,1.5,1.0,-0.8,-1.45,-2.1
953321,0.0,-1.2,-0.7,-1.15,0.4,2.4,2.2,2.75,2.27,2.7
954532,0.0,-0.2,-0.2,-0.1,-0.75,-0.6,-0.5,-0.7,-1.1,-1.75
955341,0.0,0.8,0.5,0.95,0.95,2.0,1.3,1.2,1.07,1.6
956319,0.0,1.5,2.75,2.25,1.8,4.0,3.0,1.4,0.0,1.0
956653,0.0,-1.2,-1.5,1.1,-0.55,-1.5,1.45,2.0,1.8,-0.13
956852,0.0,0.5,0.4,0.4,0.0,0.0,-1.8,-2.6,-5.1,-6.2
957177,0.0,0.0,-0.1,0.7,0.0,-0.1,-0.3,-0.7,0.2,1.4
958563,0.0,-0.45,-0.75,-0.2,-0.53,0.01,1.47,0.75,-0.8,0.15
960065,0.0,-0.5,-0.95,-1.3,-1.9,0.8,-0.3,-0.35,-0.3,0.65
963240,0.0,1.1,1.1,-3.1,-6.7,-7.0,-7.3,-8.0,-5.1,-5.1
966389,0.0,0.8,1.4,1.3,1.7,1.6,1.0,0.8,0.5,0.25
966861,0.0,0.65,0.6,0.2,-1.4,-1.85,-1.75,-2.1,-0.47,-1.65
972773,0.0,-5.5,-5.8,-6.8,-7.1,-7.8,-7.95,-8.4,-8.7,-11.55
973428,0.0,-0.5,-1.6,-2.0,0.55,0.1,-0.1,-0.35,-0.8,-0.7
977582,0.0,0.3,0.8,-0.1,0.95,1.6,1.75,1.45,0.0,0.9
978683,0.0,4.9,3.9,4.9,3.9,2.17,1.97,0.92,0.38,0.89
982606,0.0,-1.4,-1.8,-2.7,-3.0,-3.45,-3.6,-3.75,-3.8,-3.65
982927,0.0,-0.7,-0.52,-0.8,-1.2,-1.67,-2.09,-1.85,-2.06,-2.26
983632,0.0,6.3,3.3,2.3,3.8,3.8,2.9,2.05,3.3,0.55
987755,0.0,-0.4,-1.1,-1.5,-1.55,-1.7,-1.1,1.5,-0.35,-0.8
987757,0.0,-0.97,-1.9,1.28,1.4,0.33,0.25,-0.3,-0.85,-1.2
989266,0.0,0.7,0.6,0.25,0.6,1.8,1.8,0.4,0.2,2.2
989917,0.0,1.5,-0.2,-0.8,-1.35,-1.9,-1.8,-1.6,-0.05,-0.5
994070,0.0,-0.6,-1.7,0.0,-1.0,-2.25,-1.0,0.0,-0.9,-1.7
998049,0.0,-3.8,-4.95,-4.3,-5.0,-4.4,-3.6,-2.9,-3.25,1.0
1000931,0.0,-2.5,-2.72,-2.0,-2.7,-1.4,-2.7,-4.3,-3.5,-4.4
1001463,0.0,-2.0,4.0,4.0,0.5,-0.45,-0.1,2.0,2.4,4.3
1003767,0.0,-0.2,0.55,-0.55,0.13,0.0,-1.4,-0.45,-2.3,-2.3
1004101,0.0,-0.2,-1.0,-0.85,-1.4,-1.15,-1.55,-1.5,-1.75,-2.4
1008772,0.0,-0.9,-0.4,0.5,0.5,2.8,1.53,0.4,0.0,-0.45
1010300,0.0,-0.6,-0.3,-1.8,-2.8,1.0,0.3,0.0,-0.7,-0.8
1010912,0.0,-1.65,-1.76,-3.08,-4.08,-4.05,-4.5,-4.14,-4.07,-1.5
1014432,0.0,-1.0,-1.3,-1.3,-1.55,-1.4,-2.2,-2.5,-2.2,-1.5
1015604,0.0,1.7,0.65,0.7,0.35,0.2,-0.1,0.2,0.2,0.2
1017432,0.0,-0.6,-0.9,-1.15,-0.8,-1.37,-0.8,-0.7,-0.8,-1.1
1017501,0.0,-3.12,-5.04,-4.66,-2.68,-2.42,-1.81,-2.21,-1.81,-2.52
1019102,0.0,1.03,-0.85,-1.17,-1.12,0.37,1.13,1.55,1.38,1.35
1020790,0.0,-0.6,-0.9,-1.2,-1.3,-1.35,-2.05,-0.8,-1.0,-1.6
1020883,0.0,0.1,0.0,1.15,-0.6,-1.2,-1.5,0.8,1.15,0.2
1021833,0.0,-1.2,-3.7,-5.3,-7.55,-8.25,-7.4,-8.5,-9.5,-10.2
1025590,0.0,-0.5,-1.4,-1.9,-2.2,-2.55,-3.2,-3.6,-3.0,-3.55
1027862,0.0,0.5,0.5,2.5,3.35,3.8,4.15,3.2,3.2,2.9
1028989,0.0,-0.95,-2.7,-3.3,-3.3,-4.95,-6.1,-6.0,-7.2,-7.4
1029114,0.0,-0.75,0.2,0.3,-1.01,0.34,0.16,-0.91,-0.81,-0.08
1029612,0.0,-2.85,-3.8,-4.3,-4.8,-6.0,-6.4,-8.3,-7.9,-8.5
1030687,0.0,-1.3,-0.7,-1.0,-0.8,-1.5,-2.0,-2.4,-2.4,-2.4
1034272,0.0,-2.1,-3.8,-4.95,-5.65,-6.6,-6.7,-7.4,-6.8,-6.5
1034487,0.0,-0.6,0.0,0.0,2.8,-0.4,-1.45,-2.0,-3.55,-4.45
1036567,0.0,2.2,3.2,2.8,1.5,1.5,3.5,3.8,4.05,2.7
1043833,0.0,-2.7,-3.1,-2.95,-2.85,-3.9,-3.7,-0.7,-0.7,-0.7
1045484,0.0,0.7,1.32,1.43,0.82,1.9,0.2,0.2,2.79,2.28
1050848,0.0,1.0,0.1,-0.25,0.4,-0.1,-2.0,-1.0,-1.5,-2.2
1051381,0.0,0.1,0.2,0.5,1.5,1.4,1.75,2.3,2.8,2.15
1052174,0.0,0.05,2.15,1.15,-0.35,1.2,2.05,2.95,2.05,2.65
1053646,0.0,-0.11,0.17,0.4,0.12,0.81,0.4,0.5,0.66,2.12
1053853,0.0,-0.8,-1.5,-2.89,-4.29,-2.47,-2.47,-3.47,-4.67,-5.87
1054032,0.0,0.9,0.5,0.15,-0.2,-0.8,-1.1,-1.3,0.1,1.5
1054687,0.0,-0.43,-0.43,-1.93,-1.53,-0.53,0.17,-0.61,-0.11,-0.31
1055804,0.0,-0.47,0.5,0.5,0.8,1.4,1.25,0.9,0.2,-0.65
1060282,0.0,-1.3,-0.9,-1.0,-2.9,-3.0,-2.1,-1.8,-2.2,-3.3
1062011,0.0,-0.95,-1.03,-0.89,-1.45,-1.1,-1.65,-2.75,-2.02,-1.85
1071281,0.0,1.4,2.05,2.1,2.8,3.1,2.8,3.0,3.25,4.32
1072053,0.0,0.0,0.8,-0.1,0.7,0.0,-1.0,-2.5,-3.0,-1.45
1073523,0.0,0.6,0.6,0.4,0.2,-0.3,-1.2,-1.2,-0.3,0.1
1076469,0.0,2.6,0.6,-1.7,-5.53,-11.28,-15.4,-16.95,-17.9,-19.4
1080950,0.0,-0.8,-1.55,-1.85,-2.0,-2.6,-2.9,-3.1,-3.3,-3.6
1082461,0.0,-0.31,-0.57,-1.02,-1.72,-1.57,-1.82,-2.47,-2.37,-2.14
1084834,0.0,-1.9,-1.9,1.0,-0.3,0.8,1.5,0.7,1.0,-0.3
1084914,0.0,0.6,2.6,3.6,3.6,3.6,3.08,3.2,1.8,4.45
1086099,0.0,-3.2,-1.6,-3.9,-4.6,-5.1,-6.0,-6.4,-6.4,-6.15
1086690,0.0,-1.4,-1.4,-2.3,3.57,6.25,6.2,4.1,3.6,2.0
1088218,0.0,0.0,-0.5,0.25,0.75,0.75,2.0,1.75,2.0,3.0
1089537,0.0,1.5,1.5,3.5,2.5,1.4,0.75,0.0,-0.5,-0.8
1092464,0.0,-3.35,-3.2,-2.65,-3.2,-3.3,-2.75,-2.0,-2.2,-1.95
1093296,0.0,-2.0,-4.25,-4.5,-4.9,-5.6,-6.0,-6.5,-6.3,-7.0
1093311,0.0,-0.8,-1.3,-3.1,-3.25,-1.1,-2.4,-2.4,-2.57,-3.0
1095671,0.0,-1.1,-1.65,-1.9,-2.2,-3.3,-3.6,-3.9,-3.3,-3.3
1095930,0.0,-1.43,-1.13,-1.38,-1.28,-1.78,-1.98,-0.08,-0.78,-0.08
1098042,0.0,3.4,3.1,4.4,4.4,4.6,3.8,3.2,3.3,2.7
1098383,0.0,-0.4,-0.4,-1.35,-1.3,-1.3,-1.7,-2.2,-2.5,-1.85
1098919,0.0,-0.6,-0.7,-1.4,-1.0,-2.1,-2.1,-1.4,-1.4,0.3
1102167,0.0,0.3,-0.24,-0.65,0.7,0.7,1.8,1.3,1.1,1.9
1102260,0.0,-2.5,-2.15,-1.85,-2.0,-2.86,-3.17,-3.65,-2.65,-3.4
1103092,0.0,-0.87,-1.05,-1.05,-0.85,-0.7,0.2,0.2,-1.5,-0.8
1107560,0.0,0.4,1.05,0.92,1.4,1.45,1.1,1.5,1.9,2.5
1108170,0.0,-2.2,-3.5,-4.3,-5.4,-5.9,-5.8,-5.9,-6.8,-6.9
1108754,0.0,-0.5,-0.7,-0.75,-0.55,-0.4,-0.5,-0.5,-0.38,-0.2
1111972,0.0,-5.6,-6.7,-6.7,-5.85,-6.0,-6.3,-8.55,-8.7,-10.65
1112580,0.0,0.1,-0.1,-0.6,-0.77,-1.4,-0.5,-0.1,-1.25,-0.3
1113653,0.0,-0.8,-0.1,0.0,-0.4,-0.8,0.7,0.0,-0.1,1.2
1115610,0.0,-0.4,-0.3,0.0,-0.3,-0.4,-0.3,-1.2,-0.8,-2.45
1116412,0.0,0.6,0.2,-1.52,-0.1,0.1,-0.3,-1.8,-1.8,0.2
1116875,0.0,4.15,8.6,7.47,6.2,5.1,4.9,3.7,1.8,1.5
1123434,0.0,-1.25,-2.0,-3.2,-4.15,-5.0,-5.5,-8.7,-9.9,-10.95
1126380,0.0,0.11,0.11,-0.27,0.66,0.06,0.41,-0.99,-1.11,-1.22
1127288,0.0,-4.98,-5.48,-0.43,-1.83,-3.58,-4.38,-4.63,-6.38,-7.48
1131913,0.0,3.4,2.4,0.35,-0.38,-1.6,-1.75,-2.1,-2.1,-2.7
1134189,0.0,-2.7,-3.8,-4.6,-5.6,-4.9,-5.85,-7.0,-7.4,-7.8
1134648,0.0,1.14,0.76,0.79,0.71,0.95,0.25,0.11,0.06,0.08
1137582,0.0,-3.15,-4.27,-0.2,-2.0,-2.8,-4.45,-5.75,-6.5,-7.9
1140015,0.0,2.0,3.05,2.05,1.3,1.05,0.95,1.15,1.25,0.45
1140401,0.0,1.98,1.5,1.8,1.3,1.05,0.6,0.5,0.1,-0.2
1141287,0.0,-1.8,-1.4,-1.0,-2.7,-4.2,-3.5,-2.55,-0.7,2.0
1141662,0.0,0.4,-0.6,-0.5,-1.5,-1.9,-3.6,-4.1,-6.1,-6.3
1146436,0.0,-1.95,1.5,1.5,1.5,3.95,3.6,3.5,2.9,2.3
1149141,0.0,-0.75,-1.2,3.0,1.85,2.2,2.2,2.0,1.4,0.8
1149363,0.0,-0.99,-1.4,-1.57,-2.3,-2.3,-0.95,-1.7,1.4,3.4
1150281,0.0,-0.5,2.0,1.5,0.7,3.5,2.5,-0.03,0.8,0.65
1151510,0.0,1.0,1.7,1.2,1.7,1.5,0.4,0.7,1.4,0.4
1159191,0.0,1.6,0.85,-1.0,-2.7,-3.5,-5.05,-5.85,-5.0,-6.4
1162941,0.0,0.84,1.2,-4.3,-1.6,-1.92,-2.8,-3.7,-4.6,-1.8
1164192,0.0,-2.2,-2.4,-4.2,-4.75,-4.8,-6.3,-7.0,-7.4,-8.3
1168606,0.0,-0.2,-1.1,-1.2,-2.3,-2.9,-2.8,-3.88,-3.85,-4.77
1169052,0.0,-2.23,-3.13,-2.63,-3.03,-3.13,-3.63,-3.93,-3.08,-2.73
1170535,0.0,-0.9,0.3,0.6,0.15,0.75,0.6,1.5,1.2,0.8
1174320,0.0,0.6,0.1,0.9,0.3,3.7,3.1,3.85,0.75,-2.0
1175227,0.0,0.35,0.4,1.0,-0.7,-0.9,-0.75,-0.35,-0.3,-2.0
1185547,0.0,-1.49,-1.99,-1.75,-3.24,-3.82,-3.92,-4.88,-6.03,-6.13
1185612,0.0,-4.65,-5.45,-5.6,-5.6,-6.1,-6.2,-6.2,-6.55,-6.4
1187659,0.0,-2.25,-2.55,-3.62,-4.41,-4.4,-5.55,-5.05,-5.85,-6.05
1193239,0.0,-3.2,-4.1,-4.45,-5.2,-5.35,-6.2,-6.7,-7.2,-7.62
1193507,0.0,-0.7,-0.7,0.3,-0.03,0.05,0.4,0.3,0.1,0.05
1193515,0.0,-0.5,-0.65,-0.6,-1.25,-0.55,-0.05,-0.15,-0.85,-0.45
1196897,0.0,0.0,0.0,-2.2,-0.95,-0.25,2.2,1.4,0.95,-0.7
1198701,0.0,-2.25,-2.4,-1.65,-1.45,-1.8,-3.4,-3.45,-2.67,-2.9
1199809,0.0,-1.1,-2.1,-2.1,-0.9,-0.9,-3.2,-1.75,-1.6,-2.9
1200798,0.0,-2.9,-3.4,-3.7,-3.9,-3.7,-4.2,-4.05,-4.0,-4.1
1201684,0.0,2.3,1.6,2.8,3.76,3.97,3.45,3.7,5.96,4.95
1203044,0.0,-0.6,-1.0,-1.3,-0.7,-1.2,-0.6,-0.35,-1.1,-0.9
1204197,0.0,2.6,2.7,-5.4,-6.9,-8.4,-9.6,-9.6,-10.7,-12.0
1207131,0.0,0.2,-0.4,-0.8,-1.1,-0.9,-1.3,-1.55,-1.75,-1.75
1211532,0.0,-0.3,-0.2,-0.3,4.7,3.45,2.2,1.9,1.5,0.8
1213355,0.0,-0.6,-0.6,-1.0,-0.6,-0.6,-0.6,-0.6,0.0,-0.6
1213922,0.0,-2.38,-2.9,-2.9,0.0,-0.8,-0.8,-0.8,-2.0,1.6
1214351,0.0,0.1,-0.8,1.1,1.0,0.1,-0.05,-1.45,-0.37,-0.8
1215306,0.0,0.8,0.5,0.6,0.9,0.9,0.4,0.2,0.2,0.2
1216013,0.0,4.0,-1.8,-5.8,-11.1,-9.0,-7.0,-6.0,-6.0,-6.0
1216636,0.0,-2.4,-2.95,-3.3,-4.4,-4.8,-5.1,-5.15,-5.0,-4.85
1217360,0.0,-1.0,-1.0,0.0,-0.5,-1.0,-1.0,-1.3,-2.3,-1.8
1218263,0.0,-2.0,-3.0,-4.5,-5.0,-6.0,-7.5,-9.0,-11.0,-11.0
1218748,0.0,-1.41,-1.61,-2.51,1.24,-0.11,-0.41,-1.01,-1.31,-3.11
1221140,0.0,-1.2,-0.33,-1.8,-1.9,-2.0,-3.8,-3.2,-1.5,-2.2
1224311,0.0,-1.25,-2.15,-2.25,-2.25,-3.55,-3.9,-4.4,-5.92,-6.55
1224824,0.0,-1.37,-1.9,-2.6,-2.7,-3.7,-3.4,-1.6,0.2,0.4
1229678,0.0,-0.2,-1.1,-1.25,-3.5,-3.55,-3.8,-4.1,-4.1,-4.9
1229960,0.0,-1.4,0.0,-0.9,-1.4,-1.8,-1.7,-2.6,-2.2,-2.9
1230460,0.0,0.25,0.25,-1.15,-2.28,-2.75,-3.15,-3.9,-4.3,-5.23
1236491,0.0,-0.9,-1.35,-1.9,-2.1,-2.1,-2.3,-2.7,-1.6,-1.75
1239028,0.0,-3.0,-2.88,-2.27,-2.38,-2.44,-2.71,-3.21,-2.64,-2.37
1240327,0.0,-1.0,4.5,-1.34,-0.5,-1.6,1.5,-0.8,-1.9,-2.95
1241075,0.0,-0.65,-0.75,-0.5,0.3,-1.0,-0.8,-0.9,-1.0,-1.0
1243412,0.0,-0.3,-0.25,0.05,-0.2,-0.05,0.2,-0.5,-1.05,-0.95
1244498,0.0,0.5,-1.5,-1.8,-1.82,-1.82,-1.81,-2.07,-2.67,-2.77
1250169,0.0,-0.83,-1.48,-1.78,-2.18,-0.02,0.15,0.48,0.03,0.21
1250188,0.0,0.24,0.23,0.85,1.16,1.16,1.16,1.16,1.16,4.56
1250966,0.0,-0.4,0.2,0.1,0.4,0.2,0.8,0.5,1.3,1.6
1251666,0.0,-0.2,-0.2,0.4,-0.6,-0.7,0.4,-0.7,0.2,0.05
1254255,0.0,-2.7,-2.35,-2.42,-2.2,-5.2,-0.37,-0.37,-1.11,-1.4
1254525,0.0,1.8,0.8,1.0,0.9,2.6,1.4,1.0,2.0,2.0
1258544,0.0,1.5,1.15,2.0,-5.0,-6.75,-6.42,-6.0,-5.7,-5.5
1260124,0.0,-0.6,-0.78,-1.9,-2.2,-2.65,-3.8,-4.15,-5.0,-4.4
1260312,0.0,0.65,1.0,0.7,0.95,1.15,0.8,0.9,0.45,0.7
1262286,0.0,0.4,-0.77,1.05,0.45,-1.55,-2.17,-1.45,-1.75,-2.55
1262827,0.0,-0.5,2.2,2.4,-0.1,2.3,3.3,4.9,3.2,3.2
1263407,0.0,-0.48,1.37,3.67,3.62,6.25,5.47,4.08,3.6,1.27
1264995,0.0,-0.9,-0.9,-0.65,-1.13,-2.25,-2.3,-3.5,-3.5,-5.4
1265474,0.0,-1.0,-2.2,-3.0,-3.7,-4.7,-5.5,-6.5,-7.7,-8.7
1268093,0.0,-1.6,-3.2,-4.15,-5.6,-6.2,-7.0,-7.0,-5.0,-2.0
1270774,0.0,-1.94,-0.76,-1.75,-1.47,-1.63,-1.85,-2.14,-2.35,-2.49
1278298,0.0,0.0,0.0,0.0,1.8,6.2,5.4,4.4,3.45,4.2
1280365,0.0,-0.7,-0.5,0.6,0.1,-0.5,2.25,1.4,1.15,1.2
1285249,0.0,-1.3,-1.2,-2.4,-3.25,-3.1,-4.1,-5.0,-5.2,-5.2
1286066,0.0,1.05,1.4,3.3,2.5,1.7,1.2,0.1,-0.75,0.13
1287305,0.0,-0.5,-1.45,-1.8,-2.0,-2.15,-2.7,-3.6,-4.2,-3.95
1288553,0.0,1.3,1.1,2.7,2.5,3.3,2.55,2.43,2.73,3.5
1291008,0.0,-7.16,-7.74,-9.66,-9.84,-10.74,-11.46,-11.84,-11.84,-12.54
1291911,0.0,-1.0,-1.05,-1.15,-0.3,-1.0,-1.2,-1.3,-1.3,0.8
1292491,0.0,-6.92,-7.5,-9.0,-10.25,-11.1,-11.3,-11.0,-10.8,-10.6
1294254,0.0,0.2,-0.5,-1.25,-1.75,-1.6,-2.1,-2.9,-3.3,-1.5
1294392,0.0,0.48,0.15,-0.3,2.26,2.26,0.64,1.79,2.22,2.22
1297386,0.0,-1.0,-1.7,1.7,0.7,1.7,4.7,8.6,7.25,5.9
1298308,0.0,-1.6,-1.8,-2.2,-3.95,-4.05,-4.18,-3.7,-2.68,-1.65
1302757,0.0,-1.05,-1.3,-2.1,-2.4,-1.25,-1.65,-3.3,-3.7,-3.7
1303617,0.0,-1.88,2.17,-1.58,-3.33,-4.88,-5.93,-6.23,1.47,0.77
1308779,0.0,-0.6,-1.1,-2.1,-2.9,-4.1,-4.15,-3.88,-4.5,-4.1
1310044,0.0,-2.2,-2.7,-2.65,-2.7,-4.05,-2.7,-4.0,-5.55,-5.7
1310139,0.0,-5.6,-8.04,-9.5,-9.5,-9.7,-8.6,-8.0,-8.2,-7.0
1311193,0.0,0.3,0.3,0.85,1.85,0.95,0.72,0.83,1.2,1.45
1316743,0.0,-0.95,-0.7,-1.0,-0.9,-1.0,-0.3,-0.3,0.0,0.25
1318271,0.0,0.23,0.3,-2.8,-4.7,-6.6,-7.7,-9.5,-10.1,-11.3
1318293,0.0,-1.4,-2.4,-3.2,-3.0,-3.8,-4.5,-3.65,-3.5,-3.4
1319211,0.0,-0.5,-0.2,0.0,0.86,0.55,0.3,0.47,1.05,3.47
1320286,0.0,0.23,0.55,0.2,0.2,0.0,0.4,0.25,0.3,-0.15
1328533,0.0,-4.35,-5.7,-6.6,-6.75,-6.0,-6.5,-5.35,-5.0,-5.3
1330391,0.0,-2.0,-3.0,-3.6,-4.6,-4.7,-5.3,-5.5,-6.5,-7.0
1332022,0.0,-1.8,-2.65,-3.15,-4.0,-4.45,-4.85,-5.3,-6.4,-7.4
1332279,0.0,4.0,3.75,2.6,2.6,3.1,3.5,3.92,3.8,3.55
1333893,0.0,-0.74,-0.85,-0.26,0.23,0.43,0.33,1.6,1.75,3.05
1334693,0.0,0.3,0.05,-0.65,-0.9,-1.3,-1.0,-2.0,-2.0,-2.7
1338926,0.0,0.2,0.1,0.1,0.4,-0.2,-1.4,-0.9,-0.9,-0.9
1339639,0.0,-0.7,-0.7,-0.7,0.5,-0.25,-0.4,-0.6,-0.9,-1.6
1340775,0.0,-0.6,-1.3,-1.7,-1.9,-2.2,-2.6,-1.3,-1.8,-1.8
1344290,0.0,0.05,1.9,1.9,1.5,-0.2,0.5,0.9,-1.6,-4.9
1344366,0.0,-1.2,-1.8,-2.4,-0.6,0.1,-2.33,-1.4,-0.8,-1.4
1347901,0.0,-2.6,-3.85,-5.4,-5.4,-6.05,-7.4,-7.7,-8.3,-8.8
1350030,0.0,1.2,2.8,3.0,1.8,1.25,1.0,0.0,-1.75,-2.5
1350459,0.0,-0.6,-0.5,-0.5,1.1,0.4,-2.3,-1.95,-1.6,-0.9
1350841,0.0,-0.4,-1.15,-1.42,-1.6,-0.65,-0.55,-0.55,-0.9,-0.82
1353248,0.0,-0.4,0.5,-0.9,-1.1,1.15,1.65,1.5,1.6,2.1
1354830,0.0,-2.65,-4.7,-5.15,-6.4,-7.0,-7.8,-8.6,-8.6,-4.15
1358154,0.0,0.6,0.9,0.8,1.0,0.4,0.5,1.8,1.8,2.2
1358307,0.0,-1.45,-2.1,-2.8,-3.5,-3.8,-5.6,-1.6,-2.8,-3.2
1359809,0.0,-0.5,-0.5,2.9,1.0,0.55,2.75,2.8,1.4,0.5
1361557,0.0,2.8,2.6,3.6,2.75,6.15,5.55,5.45,5.3,4.85
1368540,0.0,2.0,-1.38,-1.55,-2.38,-0.9,-2.18,-2.9,-3.8,-4.8
1371918,0.0,2.0,0.9,2.0,1.8,0.9,1.0,3.0,1.95,2.4
1372170,0.0,-4.35,-4.4,-4.45,-4.9,-5.5,-5.25,-4.5,-3.5,-3.95
1375362,0.0,-1.01,-1.43,-1.91,-2.57,-3.48,-4.39,-4.48,-5.06,-3.92
1379457,0.0,-0.35,-0.8,-1.2,-1.4,-0.4,0.45,0.3,1.3,0.6
1380317,0.0,-0.7,-1.0,0.0,-0.6,-1.15,-2.33,-2.95,-2.85,-2.55
1381968,0.0,-0.45,-0.8,-1.5,-2.05,-2.4,-2.85,-3.2,-3.4,-2.5
1390702,0.0,5.9,-0.3,-1.5,-2.9,-3.5,-3.9,-4.65,-5.4,-5.4
1392689,0.0,-1.5,-3.2,-5.4,-6.7,-7.3,-7.6,-8.3,-9.1,-9.1
1393648,0.0,-0.1,0.3,1.1,1.5,0.6,1.5,1.6,1.6,1.6
1394165,0.0,-0.5,-0.5,0.5,-1.2,-1.8,-2.7,-1.9,-2.5,-3.4
1395228,0.0,1.65,1.65,0.57,0.82,0.77,0.27,0.12,0.32,0.29
1397687,0.0,1.1,-0.1,-0.3,-1.5,-0.9,-1.1,-0.4,-0.85,-1.0
1397933,0.0,1.0,-2.8,-3.8,-4.85,-5.7,-7.1,-7.9,-10.0,-11.1
1401711,0.0,0.0,0.05,-0.3,-0.3,-0.5,1.5,-0.4,2.1,2.1
1404170,0.0,-2.08,-3.53,-4.05,-4.93,-5.13,-5.53,-5.75,-4.53,-3.79
1405069,0.0,0.1,0.3,1.2,1.2,-0.8,1.6,1.0,2.5,0.8
1407940,0.0,-1.9,-0.3,-0.3,-0.3,-0.3,-1.6,-1.6,-1.6,-3.6
1408289,0.0,-2.0,-2.1,-2.5,-2.7,-1.5,-0.9,0.6,2.15,1.1
1409466,0.0,-1.7,-3.1,-3.8,-5.6,-4.63,-4.1,-2.5,-3.25,-3.75
1410673,0.0,-4.35,-6.35,-6.7,-7.6,-6.8,-8.05,-9.45,-10.2,-13.0
1421025,0.0,3.4,2.7,3.05,2.7,2.6,2.55,2.2,1.0,0.85
1428668,0.0,-1.3,-1.6,-0.8,-0.8,-0.6,-1.1,-0.8,-1.1,-2.05
1430735,0.0,-0.7,-1.7,-2.0,-0.7,-0.8,1.5,2.4,1.55,3.35
1432914,0.0,0.3,-0.15,-0.75,-0.85,-1.6,3.4,2.7,3.5,2.4
1434337,0.0,-3.7,-4.1,-3.7,-3.0,-3.7,-1.6,-1.1,-1.33,-2.1
1441598,0.0,-1.65,-1.8,-2.4,-3.1,-3.6,-4.6,-5.15,-6.2,-6.85
1445450,0.0,1.2,1.3,1.2,2.4,1.35,0.43,0.47,0.05,-0.52
1451060,0.0,-0.2,-1.0,0.7,0.4,2.1,1.9,1.95,2.3,2.9
1451506,0.0,-1.0,1.0,0.3,0.1,-0.4,-1.1,-1.85,-2.3,-2.8
1453403,0.0,-0.25,-0.35,0.0,-0.3,-0.3,-0.25,-0.45,0.2,-0.2
1459304,0.0,0.53,-0.47,-3.67,-3.97,-3.82,-3.62,-3.57,-2.37,-2.32
1461132,0.0,1.53,2.2,3.1,3.1,3.1,2.7,2.45,2.0,1.7
1462492,0.0,-0.8,-1.3,-1.8,-2.7,-3.3,-2.3,-2.47,-2.63,-3.5
1462785,0.0,-0.5,-1.2,-1.5,-2.25,-2.85,-3.3,-4.15,-4.7,-5.2
1462822,0.0,0.95,0.7,1.0,0.35,0.2,0.8,0.9,1.0,0.3
1462837,0.0,1.0,-0.9,0.5,1.8,1.6,0.9,0.4,0.8,0.3
1463018,0.0,-0.65,-0.7,-0.5,-0.6,-0.3,-0.5,-1.1,-1.1,-0.5
1463156,0.0,0.4,0.6,0.75,0.7,1.1,0.9,0.9,2.2,1.4
1467624,0.0,0.83,0.94,0.88,1.08,1.57,1.33,1.93,1.87,0.0
1470637,0.0,-0.4,-0.6,-0.95,-1.15,-0.7,-0.9,-0.65,-0.7,-0.1
1470762,0.0,-0.83,-1.75,-1.17,-1.18,-0.85,-0.83,-1.39,-1.64,-1.66
1476672,0.0,-1.7,-1.8,-1.4,-1.75,-1.8,-2.6,-2.4,-1.6,-1.8
1479722,0.0,-1.1,-0.4,0.5,0.5,1.0,1.0,0.45,-0.5,0.2
1479866,0.0,-7.63,-10.3,-10.0,-11.0,-2.0,-2.0,-9.0,-6.25,-4.3
1481101,0.0,1.35,-0.95,-3.8,-3.8,-1.6,-4.0,-5.2,-2.0,-2.5
1483856,0.0,-0.37,-0.37,-0.6,-0.8,-1.35,-2.45,-3.5,-4.2,-3.1
1484183,0.0,-2.4,-3.1,-3.85,-5.4,-5.4,-5.6,-6.2,-4.3,-2.85
1486632,0.0,0.25,0.45,-0.2,1.8,4.8,4.8,4.1,5.78,5.78
1487384,0.0,-0.7,-0.3,-0.25,0.0,-0.1,-0.3,-0.2,0.0,-0.1
1490738,0.0,0.4,0.3,-0.2,0.65,0.27,0.2,-0.25,-0.2,-1.45
1491837,0.0,-1.4,-2.1,-2.75,-3.0,-3.4,-3.7,-4.2,-5.2,-1.5
1492042,0.0,-1.45,-1.2,-1.9,-2.25,-2.4,-3.3,1.0,0.2,0.2
1492182,0.0,2.42,0.55,0.31,0.33,0.83,-0.08,-0.13,-0.26,0.27
1495225,0.0,-1.25,1.8,0.9,0.9,1.9,0.8,4.55,-0.05,6.2
1495876,0.0,-2.3,-1.4,-1.6,-2.7,-3.15,-3.9,-4.4,-4.7,-5.6
1495986,0.0,0.3,-0.1,0.1,0.35,0.1,0.7,-1.0,0.25,0.1
1500881,0.0,-1.13,-1.59,-2.57,-2.56,-1.81,-1.59,-1.46,-0.46,-0.28
1502355,0.0,1.1,0.75,0.2,2.0,2.1,4.0,6.8,7.45,6.65
1504653,0.0,-0.3,-0.55,-1.8,-6.7,-6.5,-2.4,-3.9,-3.25,-5.1
1505170,0.0,12.04,9.98,7.99,7.83,5.59,4.19,1.82,1.45,0.53
1505851,0.0,-0.2,0.0,-0.1,-0.3,0.2,-0.1,0.3,0.25,-0.15
1505879,0.0,-0.65,-3.15,-3.3,-2.8,-2.68,-0.05,0.4,-0.2,-0.4
1509888,0.0,-2.8,-3.5,-3.9,-4.3,-4.75,-5.0,-5.5,-6.0,-6.7
1513479,0.0,-3.1,-3.35,-3.3,-4.2,-3.2,-3.2,-5.7,-5.2,-4.2
1517145,0.0,-1.4,-2.3,-2.55,-3.0,-4.25,-3.0,-4.9,-4.9,-7.7
1519585,0.0,0.0,-10.1,-11.5,-12.85,-12.7,-13.8,-15.4,-13.6,-16.9
1521630,0.0,-1.9,-1.9,-2.1,-2.3,-2.0,-2.9,-2.4,-1.15,-1.53
1525566,0.0,-1.7,1.6,1.7,0.8,1.3,0.2,0.35,-0.3,-0.3
1529144,0.0,0.6,-0.2,-1.1,-1.5,-2.6,0.1,3.0,1.5,1.0
1529795,0.0,0.0,0.7,1.65,1.0,1.7,3.1,2.7,2.6,3.2
1531627,0.0,0.05,0.8,-0.6,-0.7,-0.9,-0.9,0.14,0.14,1.14
1534778,0.0,1.41,1.21,1.36,1.29,1.11,1.01,1.37,1.53,1.32
1538328,0.0,-2.18,-1.76,-1.78,-1.83,-7.27,-7.3,-5.33,-5.33,-6.13
1539923,0.0,-1.7,-1.8,-2.4,-2.53,-1.9,-3.2,-2.1,-3.6,-3.9
1545559,0.0,-2.68,-3.27,-3.65,-3.9,-4.45,-4.95,-6.04,-6.26,-6.94
1547829,0.0,-1.4,-1.5,-2.0,-0.75,-1.7,-2.7,-3.2,-3.2,-3.1
1549456,0.0,-1.1,-2.7,-3.14,-3.05,-2.73,-2.48,-1.43,-1.13,-1.5
1553732,0.0,-0.6,-0.85,-1.3,-1.8,-2.3,-2.55,-2.7,-2.25,-2.3
1559616,0.0,-1.2,-1.7,-1.7,-2.92,-3.6,-3.95,-4.2,-1.68,-3.31
1559957,0.0,-2.38,-5.02,-5.15,-7.39,-7.57,-10.13,-11.82,-14.63,-14.99
1559991,0.0,0.5,0.5,0.2,-0.25,-0.5,0.0,-0.1,-0.1,-0.4
1562304,0.0,-0.95,-1.2,0.85,0.48,-0.5,-0.65,-0.8,1.23,3.6
1563298,0.0,1.8,4.2,5.4,8.9,8.9,8.2,8.6,8.4,8.8
1563500,0.0,0.2,0.0,-0.1,-1.0,-1.2,-1.2,-1.2,-1.2,0.2
1563703,0.0,5.0,2.1,-2.4,-3.3,1.1,1.1,-0.5,-2.4,-2.8
1563750,0.0,-0.2,-0.2,0.2,-0.2,0.0,0.1,-0.1,-0.1,-0.5
1564694,0.0,1.05,1.3,1.5,3.0,2.4,4.0,5.0,5.0,5.9
1565608,0.0,-1.9,0.5,-1.0,-0.5,-0.6,-2.6,-3.5,-4.3,-4.1
1567477,0.0,1.13,0.49,-0.35,0.73,-1.2,-2.25,-2.35,-1.77,-2.05
1568205,0.0,-1.3,-2.4,-2.4,-2.0,-1.1,-1.5,-1.2,-1.7,-1.4
1569281,0.0,-3.2,-3.75,-5.25,-6.45,-7.3,-8.3,-9.2,-9.9,-10.9
1569753,0.0,-1.0,0.0,2.5,-1.1,2.0,2.0,1.6,0.75,2.4
1569781,0.0,0.02,-0.8,0.02,0.05,-0.6,-1.67,-3.57,-5.47,-6.43
1571917,0.0,0.0,0.7,3.0,3.0,1.8,3.0,3.0,0.9,1.95
1574516,0.0,-0.7,-0.1,0.5,0.2,0.1,-0.2,1.95,1.95,0.95
1576016,0.0,-2.54,-5.74,-8.6,-11.15,-12.4,-13.3,-14.3,-14.5,-16.4
1587224,0.0,2.25,1.35,0.2,-1.1,-1.5,-3.35,-4.22,-5.3,-6.1
1587235,0.0,-0.4,-0.7,-1.8,-1.8,0.2,-0.5,1.5,1.1,0.1
1588765,0.0,-2.0,-2.5,-2.7,-3.1,-1.6,-1.25,-1.35,0.4,0.2
1591365,0.0,-0.9,-1.5,-2.1,-1.84,-3.57,-3.3,-2.9,-2.55,-2.8
1592033,0.0,-2.8,-3.2,-3.0,-3.88,-5.07,-6.8,-6.17,-5.15,-5.7
1595412,0.0,-2.1,-2.6,-4.3,-4.5,-5.6,-6.4,-7.0,-8.35,-9.35
1598943,0.0,-1.1,-0.65,-1.0,-1.0,-0.8,-1.0,-0.6,-0.8,-0.9
1599264,0.0,-0.02,-0.75,-1.95,-1.65,-3.25,-3.05,-5.13,-5.95,-6.55
1600318,0.0,-0.48,-1.85,-2.53,-3.3,-3.11,-2.82,-2.58,-2.44,0.5
1600557,0.0,2.1,3.1,2.15,3.3,3.1,5.9,5.9,3.7,2.7
1602249,0.0,-1.4,0.4,-0.2,-0.87,-0.7,0.3,0.1,-0.2,-0.8
1605726,0.0,4.0,3.0,2.2,1.55,0.75,1.7,0.65,0.95,1.0
1605728,0.0,0.01,-0.8,-0.6,-0.98,-1.37,-1.97,-1.73,-1.92,-2.33
1607004,0.0,-0.8,-1.2,0.5,0.5,0.5,0.5,1.2,-0.3,-0.6
1607562,0.0,-0.5,-1.0,0.0,-0.75,-1.3,-1.55,-1.8,-1.9,-2.3
1607924,0.0,0.4,0.4,1.1,3.63,1.9,1.0,-0.65,-1.55,-3.25
1611077,0.0,-1.8,-2.7,-0.4,-0.55,-1.5,-2.75,-2.7,-3.55,-2.5
1612556,0.0,-2.5,-3.02,-3.64,-3.96,-4.6,-5.25,-5.6,-6.45,-7.08
1617274,0.0,-2.3,-2.6,-2.45,-2.45,-3.1,-3.3,-2.3,-2.8,-2.65
1618332,0.0,-0.3,-0.8,-0.8,0.2,0.2,0.2,-0.1,-0.6,-0.8
1619229,0.0,-1.15,-1.9,-2.9,-1.1,-0.1,-0.1,0.1,-1.33,-2.2
1619451,0.0,-1.9,2.3,2.3,-0.5,-1.5,0.4,2.1,-0.2,2.5
1620447,0.0,-0.44,-0.2,-1.08,-1.17,-0.97,-0.87,-0.67,-1.22,-1.37
1620951,0.0,-0.5,-0.5,-0.3,-0.1,0.25,0.3,0.1,0.4,0.5
1621990,0.0,-2.1,-1.3,-1.65,-2.45,-3.9,-4.5,-5.7,-7.7,-8.8
1625822,0.0,-4.1,-6.0,-7.3,-7.5,-9.8,-11.6,-13.2,-14.0,-16.2
1626173,0.0,-0.6,0.65,0.1,0.4,0.2,-0.55,-0.7,2.4,1.5
1633467,0.0,2.1,1.3,1.6,1.33,-0.05,1.0,0.35,0.8,-0.3
1634349,0.0,-3.8,-4.8,-6.3,-6.95,-7.55,-8.5,-9.1,-9.3,-10.3
1635950,0.0,-0.99,-1.23,-1.61,-3.76,-3.76,-1.97,-5.47,-5.49,-5.86
1636114,0.0,-1.65,-3.3,-4.35,-5.5,-6.0,-6.65,-6.6,-7.9,-8.45
1636993,0.0,-0.2,-0.7,-3.0,-4.0,-4.35,-4.4,-5.0,-5.0,-5.7
1639013,0.0,0.3,1.1,0.3,2.2,1.1,0.2,2.3,1.7,2.1
1639144,0.0,-2.0,-2.3,-3.25,-3.8,-3.9,-4.1,-3.9,-3.9,-0.9
1640567,0.0,-0.4,0.1,1.05,1.5,1.5,0.2,0.2,-0.5,0.6
1642983,0.0,1.4,1.0,1.9,1.65,1.4,1.4,2.4,2.4,1.6
1644360,0.0,6.6,13.2,12.68,12.87,12.55,13.2,12.45,13.95,13.4
1644384,0.0,-2.65,-4.1,-7.6,-8.9,-10.2,-12.3,-12.75,-13.9,-15.6
1648026,0.0,-0.4,-1.2,-1.75,-2.05,-2.75,-2.3,0.1,0.1,0.7
1651930,0.0,-1.2,-2.8,-4.25,-4.2,-4.12,-4.2,-5.0,-3.7,-3.4
1652904,0.0,0.36,0.36,0.11,0.11,1.27,-0.48,-0.48,-0.99,-1.46
1653242,0.0,-0.5,-2.2,-2.0,-0.4,-0.65,-0.4,0.4,0.7,-0.4
1658538,0.0,8.2,7.2,5.8,5.15,5.0,4.45,4.2,3.55,3.1
1658795,0.0,0.0,0.0,-0.23,-0.43,-0.95,-0.8,-1.4,-2.18,-2.47
1659771,0.0,-0.5,-0.8,-0.8,0.0,-0.65,-1.0,-2.4,-3.32,-4.1
1661045,0.0,-1.15,-1.14,-0.48,0.84,0.5,-0.4,-0.65,-0.9,-2.05
1661411,0.0,5.5,10.9,9.6,7.8,6.0,5.6,4.8,3.8,3.5
1663687,0.0,0.1,1.4,5.4,6.4,7.27,6.15,5.35,3.95,3.2
1665222,0.0,-0.8,-1.6,-1.2,2.4,3.3,1.55,1.1,3.65,3.9
1667828,0.0,-4.91,-5.15,-6.28,-6.14,-6.42,-6.48,-5.2,-5.2,-5.52
1669119,0.0,-0.3,-1.3,-1.8,-2.4,-2.4,-1.5,-1.7,-1.65,-2.8
1674953,0.0,-1.9,-0.4,-1.8,0.7,0.7,1.4,1.7,2.15,3.25
1675251,0.0,-2.01,-2.7,-5.07,-5.6,-7.5,-8.27,-8.05,-8.2,-8.81
1677557,0.0,-0.1,0.95,-0.25,0.2,-1.5,-2.2,-3.0,-3.0,1.2
1678641,0.0,0.2,0.1,-0.4,-0.55,-0.6,-2.0,-2.85,-3.7,-3.7
1679512,0.0,-0.2,-0.8,-1.65,-2.2,-2.55,-2.6,-2.55,-2.25,-2.5
1680042,0.0,-1.15,3.5,1.75,0.5,-0.05,-0.25,2.3,0.2,-0.8
1680469,0.0,-0.5,-0.4,-0.8,-0.9,-0.7,0.6,1.0,-0.1,-0.1
1681409,0.0,1.2,1.1,3.0,3.0,4.2,3.0,2.45,3.6,5.1
1681551,0.0,0.11,-1.03,-2.0,-0.3,-0.8,0.2,-0.35,-0.9,-1.1
1681691,0.0,0.33,0.23,-1.17,-1.07,-1.37,-1.47,-2.37,-2.63,-2.83
1682010,0.0,0.7,0.4,1.5,1.62,1.7,3.1,2.8,1.9,2.2
1684883,0.0,2.5,2.5,3.5,4.5,4.5,4.5,6.5,6.5,4.5
1687068,0.0,-0.4,-0.82,-0.44,-1.01,-0.63,0.14,-0.66,0.09,0.47
1691664,0.0,-1.5,-1.7,-2.0,-1.8,-1.9,-2.2,-1.75,-1.7,-2.8
1692675,0.0,-0.9,-3.3,-7.6,-7.6,-3.0,-5.0,-6.35,-6.5,-7.6
1693304,0.0,-2.2,-3.5,-1.4,-1.6,-0.55,-0.55,-3.8,-4.5,-3.5
1701546,0.0,4.0,5.0,4.6,3.6,2.55,1.8,1.3,1.0,0.65
1705346,0.0,-0.4,0.0,0.4,-0.4,-0.2,-0.3,0.7,-0.05,-0.05
1707223,0.0,0.73,0.0,-0.7,-1.7,0.5,-0.4,0.7,0.0,-1.7
1708189,0.0,1.5,0.61,-0.3,-0.55,-0.32,-0.42,-2.1,-1.57,-1.12
1711691,0.0,0.0,-1.25,-0.2,-1.7,-1.65,-1.8,-2.25,-2.55,-1.8
1714683,0.0,-1.58,-2.98,-2.23,-2.53,-3.58,-3.78,-3.78,-3.48,-2.33
1716726,0.0,2.0,1.0,1.0,0.1,-2.2,-4.85,-6.25,-8.35,-9.45
1716907,0.0,0.1,-0.05,0.3,-0.23,-0.12,-0.15,-0.75,-0.95,0.0
1722679,0.0,-3.2,-4.25,-5.6,-6.3,-7.1,-9.3,-10.3,-10.7,-11.3
1728777,0.0,-12.1,-23.0,-24.3,-24.8,-29.0,-16.9,-18.7,-17.4,-18.1
1728932,0.0,-1.55,-1.9,2.65,1.7,0.35,0.39,0.2,2.15,3.35
1729542,0.0,-1.7,-1.25,-2.57,-2.45,-2.95,-3.35,-3.4,-3.85,-4.45
1730591,0.0,0.45,0.81,1.6,1.58,0.18,0.23,0.65,0.45,-1.05
1732279,0.0,1.05,1.7,1.4,0.7,-0.6,-2.1,-3.3,-4.4,-5.0
1733040,0.0,-0.45,0.35,-0.45,1.33,0.8,0.98,0.98,2.25,0.6
1733210,0.0,-0.25,-0.34,0.6,0.02,2.0,2.0,2.53,2.87,2.79
1733807,0.0,-0.85,-0.77,-0.95,-1.39,-1.37,-1.21,-0.3,-1.09,-0.56
1734273,0.0,-1.2,-3.4,-3.4,-2.3,-1.75,-1.45,-2.45,-4.3,-2.4
1735598,0.0,-3.0,-2.0,-1.25,-1.1,-2.07,-1.2,-2.8,-3.1,-3.0
1736243,0.0,-0.65,-0.5,-0.5,-0.65,-0.9,-0.9,-0.9,-1.25,-0.4
1737040,0.0,-3.6,-3.5,-3.6,-4.6,-5.1,-6.5,-7.4,-7.95,-8.4
1740773,0.0,-1.9,-2.1,-2.1,-3.2,-3.3,-2.8,-3.6,-3.5,-4.2
1741627,0.0,-0.6,-1.1,-1.75,-1.0,-1.3,-1.75,-1.8,-2.9,-3.65
1750091,0.0,0.4,-0.5,0.5,-0.2,1.5,2.3,0.9,4.0,3.9
1752466,0.0,-1.0,-1.0,-2.2,-2.7,-3.3,-4.0,-4.0,-3.5,-5.5
1753054,0.0,-2.25,-1.45,-4.15,-4.2,-4.2,-5.0,-6.0,-7.0,-7.65
1753199,0.0,-0.52,-1.02,-1.02,-1.14,-1.48,-0.76,-0.72,-0.64,-0.03
1753535,0.0,0.3,-0.2,-0.4,-0.3,0.0,0.4,0.7,-0.32,-0.6
1756572,0.0,-0.85,-1.85,-2.3,-2.73,-3.26,-2.92,-2.7,-3.55,-3.87
1759997,0.0,0.5,-0.4,-0.95,-1.0,-1.1,-0.9,-1.5,-1.8,-1.8
1760150,0.0,-0.85,-1.1,-1.3,-0.85,-0.95,-1.0,-1.3,-1.95,-1.85
1760318,0.0,0.6,-0.2,-0.5,-0.8,-1.0,-1.1,-1.8,-2.6,-3.4
1762866,0.0,1.98,2.15,2.15,4.23,1.01,1.13,2.78,1.73,1.73
1769405,0.0,1.5,-0.3,-4.0,-4.9,-5.0,-7.0,-7.0,-7.7,-8.6
1771858,0.0,1.35,1.72,0.78,0.78,0.68,-0.29,-0.02,0.28,-0.71
1772155,0.0,-0.35,0.3,0.1,-1.6,-2.2,-2.3,-2.1,-2.8,-3.2
1775774,0.0,-0.7,-0.85,1.0,1.0,-1.1,-1.1,-1.45,-1.4,-2.2
1778994,0.0,0.0,-0.1,-1.0,-1.5,-1.9,-1.9,1.0,-1.9,-1.97
1779104,0.0,-1.0,-1.5,-0.1,-1.53,-2.2,-2.75,-3.1,-3.9,-4.85
1779994,0.0,-0.9,-0.7,-1.3,-1.3,-1.8,-1.25,-0.8,-1.4,-0.9
1780434,0.0,-1.45,-1.8,-2.4,-2.7,-2.7,-2.9,-3.0,-2.75,-3.0
1781574,0.0,-0.8,-2.4,-2.0,-2.19,2.9,2.9,1.36,0.9,1.03
1784902,0.0,0.2,0.18,0.2,-0.33,-0.2,-0.15,-0.9,-1.1,-0.9
1790812,0.0,-0.4,-0.4,1.3,1.3,1.85,1.35,1.3,1.5,2.0
1793090,0.0,0.0,0.15,-0.6,-1.2,-1.4,-1.6,-1.8,-1.2,-1.0
1797437,0.0,-2.7,-0.3,-0.7,0.9,0.45,-0.4,1.8,1.75,1.9
1797726,0.0,3.6,3.6,2.7,2.7,8.5,7.7,6.7,5.7,4.85
1798573,0.0,-4.07,-4.4,-4.7,-5.3,-5.1,-6.4,-3.6,-4.0,-5.11
1798823,0.0,-1.3,-1.9,-2.9,-0.7,-2.2,-2.2,-4.8,-5.1,-6.2
1803222,0.0,-1.3,-1.9,-3.0,-3.1,-3.1,-1.2,-2.17,-3.2,-3.07
1805384,0.0,-2.79,-3.89,-2.24,-2.24,-0.49,-0.99,-1.89,-3.19,0.56
1805718,0.0,-0.4,-1.2,-2.6,-2.5,-1.3,-1.3,-1.47,-1.3,-0.8
1809005,0.0,-1.15,-0.5,-0.7,-1.25,-1.3,-1.65,-1.9,-1.2,-1.2
1818965,0.0,0.1,0.05,-0.1,-0.5,-0.9,-0.6,-0.6,-0.95,-1.5
1827556,0.0,-2.7,-2.8,-2.8,-3.2,-3.45,-3.9,-0.55,-1.75,-2.6
1830039,0.0,0.0,-1.2,0.5,1.05,0.7,2.5,1.79,2.1,0.94
1835535,0.0,-1.05,-0.45,-0.45,-0.25,-0.45,-0.4,0.8,0.55,0.75
1837949,0.0,-1.5,-5.7,-5.9,-5.9,-1.2,-1.9,-3.4,-4.1,-4.55
1838510,0.0,0.2,0.2,0.5,0.55,0.2,-0.3,-0.3,0.0,0.0
1841611,0.0,-0.15,0.0,0.4,-0.05,-0.8,1.5,0.55,0.25,0.8
1842245,0.0,-3.6,10.2,9.25,6.3,10.1,8.4,7.1,7.3,8.5
1844767,0.0,-0.98,-1.53,-0.63,-1.63,-0.93,-0.52,0.87,0.2,-0.13
1848599,0.0,1.5,0.1,-0.87,-0.7,2.95,4.05,8.2,7.5,5.92
1856817,0.0,-2.3,-2.85,-3.4,-2.9,-4.25,-4.8,-4.9,-5.5,-5.7
1858130,0.0,1.4,0.0,0.9,0.9,0.6,-0.1,-0.7,-1.1,-2.0
1862376,0.0,-0.4,-0.6,-2.2,-2.2,-3.2,-1.8,-1.8,-9.1,-9.25
1862553,0.0,-1.4,-1.4,-1.5,0.9,-0.5,2.5,0.2,0.25,0.3
1864361,0.0,-0.45,0.1,-1.07,-0.55,-1.2,-1.1,-0.2,-0.45,-0.6
1865721,0.0,-1.35,-2.4,-2.9,-3.6,-3.7,-4.1,-4.7,-5.6,-6.25
1867432,0.0,0.8,0.75,1.7,-0.1,2.1,1.9,1.0,0.0,-0.5
1867928,0.0,-1.8,-1.8,-1.8,-1.9,-2.5,-1.7,-1.7,-0.7,0.0
1873286,0.0,-0.6,-0.5,0.4,-0.7,-0.9,-1.6,-0.6,-0.25,-1.0
1876224,0.0,-0.35,0.0,0.32,-2.26,-0.98,-1.3,-2.1,1.0,1.0
1879045,0.0,1.1,2.5,3.1,4.95,4.1,3.3,2.45,1.5,0.6
1879235,0.0,1.2,1.35,1.43,1.05,0.5,1.0,3.2,1.0,1.2
1880927,0.0,-1.8,-1.9,-1.38,-1.68,-2.85,-3.2,-2.75,-3.5,-3.3
1885811,0.0,1.0,1.9,-0.7,2.1,1.9,1.9,3.4,0.9,0.9
1888005,0.0,0.45,1.9,16.7,14.1,13.3,12.85,12.6,10.85,10.45
1888533,0.0,-0.18,-0.25,-3.13,-0.93,1.27,3.47,3.26,3.44,3.62
1890447,0.0,0.6,-0.3,0.65,-0.2,-1.05,-0.7,-0.2,-0.1,0.1
1892053,0.0,-1.1,-1.4,5.8,3.6,2.8,4.3,4.7,7.83,8.5
1892831,0.0,-1.8,-2.5,-2.3,-2.5,-2.7,-3.5,-3.3,-3.7,-2.8
1894100,0.0,-0.5,-0.7,-1.25,-1.3,-1.95,-1.9,-3.2,-4.4,-3.7
1896282,0.0,-0.2,-2.6,-4.5,-5.75,-8.0,-10.3,-11.4,-12.82,-14.9
1898674,0.0,-1.0,-1.65,-2.5,-1.7,-4.6,-4.6,-4.4,-4.7,-2.6
1901524,0.0,4.0,4.5,4.5,-15.5,-17.4,-17.75,-18.9,-20.15,-20.9
1902015,0.0,-4.5,-3.9,-4.8,-4.74,-6.06,-6.9,-7.75,-8.7,-9.3
1905681,0.0,-2.46,-2.8,-1.4,-1.5,-2.9,-2.6,-3.05,-3.6,-4.2
1911893,0.0,-4.6,-2.4,-2.93,-3.35,-3.4,-4.25,-4.1,-5.2,-4.6
1912852,0.0,-3.5,-5.45,-6.7,-8.8,-9.2,-10.0,-10.4,-10.25,-11.2
1920902,0.0,-0.5,-1.05,-1.64,-1.64,-1.4,-2.2,-2.4,-2.68,-3.63
1921702,0.0,-0.3,-0.4,-0.6,0.1,-0.7,-0.7,-0.3,-0.3,-0.3
1922838,0.0,-0.75,-1.0,-1.95,-3.0,-4.0,-4.0,-2.0,-1.0,0.0
1926338,0.0,0.8,0.35,-1.2,-1.6,-0.9,-1.0,-0.7,-0.3,0.5
1927989,0.0,5.09,5.09,0.09,0.09,0.09,0.09,-0.91,-0.91,-0.91
1928334,0.0,34.0,34.0,34.0,34.0,33.4,32.3,32.0,31.8,35.1
1930384,0.0,-1.23,-1.58,-1.79,-1.18,-1.28,-1.58,-1.29,-0.22,1.37
1931851,0.0,-4.1,-4.5,-5.2,-6.0,-7.3,-8.6,-8.85,-9.3,-10.2
1933606,0.0,1.9,1.2,1.25,2.0,1.1,0.6,0.45,1.15,1.1
1938591,0.0,-1.4,-3.3,-4.9,-6.4,-6.5,-1.5,-2.5,0.5,-0.45
1939244,0.0,0.12,-0.37,-1.93,-1.68,-1.63,-2.63,-1.63,-3.73,-0.58
1940686,0.0,1.75,0.6,0.1,-0.25,0.2,1.2,6.1,5.5,4.1
1944454,0.0,-1.7,-0.5,-1.0,-1.5,-3.1,-2.5,-1.5,-2.9,-2.38
1944915,0.0,-1.85,-2.1,-1.7,-2.7,-2.95,-3.35,-3.4,-3.0,-2.85
1946346,0.0,3.0,1.3,0.8,-0.1,-0.3,-1.2,-1.25,-1.3,-1.2
1954558,0.0,-2.45,-3.0,-3.0,-4.1,-4.5,-5.2,-7.0,-8.0,-9.0
1959533,0.0,-0.2,-0.13,-0.27,-1.27,-1.43,-1.15,-1.5,-2.13,-1.17
1960416,0.0,1.15,0.9,0.9,1.0,2.2,2.0,0.75,1.0,0.6
1962261,0.0,-2.4,-2.55,-3.2,-3.3,-6.0,-4.0,-4.0,-3.5,-4.0
1964037,0.0,-3.3,-3.8,-4.2,-3.1,-3.55,-4.3,-4.4,-5.6,-5.5
1966014,0.0,-2.45,-2.9,-3.9,-2.99,-4.13,-3.63,-3.76,-4.26,-3.17
1970639,0.0,-0.95,-2.0,-2.1,-2.3,-2.05,-1.8,-1.85,-2.1,-2.3
